payee_first_name,payee_last_name,payee_payment_status,payee_due_date,payee_address_line_1,payee_address_line_2,payee_city,payee_country,payee_province_or_state,payee_postal_code,payee_phone_number,payee_email,currency,discount_percent,tax_percent,due_amount,payee_added_date
andrea,mendoza,overdue,2024-11-27,9515 harris junctions,apt. 998,east jacqueline,ca,south carolina,19147,12462387787,bjackson@singh.com,usd,15.49,7.25,129.07,2023-03-21
nicholas,palmer,overdue,2024-11-29,719 kristy dale apt. 463,suite 870,east william,dj,texas,81291,17377353620,roybennett@hotmail.com,usd,22.79,7.25,1425.62,2024-04-20
kevin,hall,pending,2024-12-25,66752 alvarez haven,apt. 714,west donnastad,bt,south carolina,1514,13226599501,pamela11@yahoo.com,usd,8.63,7.25,4850.47,2023-05-25
donald,miller,overdue,2024-11-08,689 victor estates suite 682,suite 704,north jose,bj,arkansas,68960,18365793490,carlos23@palmer-ross.com,usd,16.04,7.25,791.01,2023-03-28
douglas,zimmerman,pending,2024-12-11,089 nash spurs,apt. 509,east kathryn,bi,rhode island,66764,14427328264,brian22@gmail.com,usd,21.6,7.25,2330.71,2023-03-25
brandy,riley,pending,2024-12-27,694 daugherty plains,apt. 159,harriston,ps,georgia,25694,12311318904,nandersen@yahoo.com,usd,27.9,7.25,4662.86,2024-10-04
james,branch,overdue,2024-11-16,918 jennifer shore apt. 200,apt. 137,brettberg,fi,north dakota,20155,17573011716,asnow@hotmail.com,usd,29.38,7.25,3626.18,2024-05-28
alexandria,evans,pending,2024-12-07,04855 smith view,apt. 453,loganberg,ve,wyoming,13984,13423507941,rebecca81@yahoo.com,usd,22.04,7.25,1637.86,2023-08-07
peter,brooks,pending,2024-12-20,6491 gregory alley,suite 086,cruzberg,td,alaska,53644,19611535745,vmiller@white-nelson.com,usd,5.73,7.25,4527.52,2023-12-10
eugene,cruz,overdue,2024-11-08,10164 cobb parkway suite 283,apt. 213,sandraview,td,maine,73220,17291910546,iwright@gmail.com,usd,19.97,7.25,2689.93,2023-06-15
jeffrey,rios,overdue,2024-11-13,72143 adrian manor,apt. 865,lisaburgh,al,arizona,86520,12202617244,larsonrichard@jones.info,usd,20.5,7.25,886.05,2023-07-25
arthur,beck,overdue,2024-11-19,7986 jones drive,suite 529,new michaelstad,ar,new hampshire,63713,15275934242,bgreer@gmail.com,usd,23.13,7.25,1446.17,2024-08-18
deborah,johnson,overdue,2024-11-18,23486 parker bypass suite 161,apt. 121,sierrabury,nz,kentucky,30756,14535929974,daniel54@gmail.com,usd,29.49,7.25,2426.65,2024-10-25
charles,francis,overdue,2024-11-16,1474 ryan skyway,apt. 127,lake caitlyn,fr,maine,92207,13562959599,turnerallen@yahoo.com,usd,15.55,7.25,3189.47,2023-06-30
stephanie,welch,overdue,2024-11-03,6884 taylor falls,suite 427,new brandon,gt,minnesota,70795,18057116391,erik79@james-banks.com,usd,19.64,7.25,2843.09,2023-05-29
vincent,greene,overdue,2024-11-25,60549 meadows shoal,apt. 709,heidifurt,fi,iowa,29245,15781543710,delgadoann@hotmail.com,usd,6.23,7.25,3198.55,2023-01-30
kathleen,hurley,pending,2024-12-10,1084 timothy heights,suite 998,new jason,bi,hawaii,83947,17702657809,bennettwalter@gmail.com,usd,19.41,7.25,1587.79,2023-06-27
lisa,harris,overdue,2024-11-18,586 bond locks suite 645,suite 173,lake laurenview,zm,new jersey,3909,17822212472,shortchristina@gardner-lewis.biz,usd,21.11,7.25,873.83,2024-08-29
brad,thomas,pending,2024-12-15,81377 sabrina rapids apt. 364,apt. 879,feliciaborough,br,new york,53313,16529286726,barnesjacob@hickman-romero.net,usd,21.72,7.25,1817.84,2023-04-14
charlene,rhodes,pending,2024-12-06,259 erica squares apt. 141,apt. 222,new michaelfort,pa,kentucky,94693,11622038713,ricky66@lewis.net,usd,24.08,7.25,349.55,2023-09-04
michael,guerrero,overdue,2024-11-09,061 adkins tunnel suite 926,suite 770,nathanmouth,zw,new york,85151,16667886951,barnesbrenda@hotmail.com,usd,13.09,7.25,1387.63,2023-04-18
dawn,warren,pending,2024-12-16,412 moore stream suite 460,suite 316,east johnberg,za,new york,64000,15323951965,maria71@curtis.com,usd,22.26,7.25,4371.46,2024-07-21
kirsten,conner,overdue,2024-11-06,70738 dixon hill,suite 196,johnview,km,maine,63035,14405476951,nathaniel99@bennett-jefferson.com,usd,23.07,7.25,2350.09,2024-11-19
jessica,rivera,overdue,2024-11-15,80932 gross loop suite 704,suite 078,lake robertton,ie,north carolina,45291,18473203632,qsavage@yahoo.com,usd,9.9,7.25,2957.6,2023-08-27
heather,williams,overdue,2024-11-10,1390 marcus expressway,apt. 777,north carolynshire,eg,maryland,90110,17948380536,jmiller@yahoo.com,usd,20.01,7.25,4973.2,2023-09-20
ashley,simon,overdue,2024-11-30,347 william greens,apt. 465,port julie,nr,idaho,83040,18755192958,npatterson@gmail.com,usd,15.28,7.25,2867.94,2024-10-21
connie,howard,pending,2024-12-15,441 tammy village,apt. 666,new christinaside,bf,washington,42862,11509449711,felicia75@yahoo.com,usd,7.03,7.25,1328.83,2023-10-12
brittany,powers,pending,2024-12-08,52680 wise valleys,apt. 779,barreratown,ly,louisiana,19702,11338808751,staceyandrews@hotmail.com,usd,5.1,7.25,4746.1,2024-03-05
gabrielle,lee,pending,2024-12-05,51693 richard terrace suite 750,apt. 460,hallchester,ga,alaska,51489,16755963169,rgomez@mccormick.info,usd,26.02,7.25,2132.06,2023-12-12
brian,williams,pending,2024-12-08,184 baker crest suite 654,apt. 024,angelatown,sm,pennsylvania,16521,12250134805,jonesbrandon@yahoo.com,usd,11.96,7.25,550.78,2023-03-07
joseph,dudley,pending,2024-12-22,87606 bennett lakes,suite 223,mccormickburgh,za,maine,76288,11997907790,smithsteven@robinson.com,usd,18.67,7.25,224.82,2023-01-30
david,myers,pending,2024-12-30,4132 martin villages suite 996,suite 296,andersonport,ir,south carolina,38710,16642414202,fatkins@rodriguez-miller.com,usd,6.27,7.25,561.09,2024-11-28
karen,johnson,pending,2024-12-18,19889 brown land apt. 296,suite 434,south kristen,to,new york,12892,17269068458,david65@gmail.com,usd,26.23,7.25,2513.72,2023-09-18
samuel,baker,overdue,2024-12-02,797 carter parks suite 082,suite 882,ortizland,nr,alaska,46090,19884000845,lcurtis@yahoo.com,usd,28.93,7.25,1508.46,2023-11-25
scott,gallagher,overdue,2024-11-02,14949 thomas shore apt. 862,suite 831,rhondabury,lt,wisconsin,12224,14447039222,osharp@gmail.com,usd,21.76,7.25,2415.13,2023-08-17
denise,stewart,pending,2024-12-25,11042 palmer villages,suite 351,pamelaborough,ag,virginia,6373,15135500153,hcook@gmail.com,usd,18.51,7.25,3800.49,2023-03-24
angela,bishop,pending,2024-12-08,574 jamie plaza,apt. 696,katherineberg,so,west virginia,23306,18387924179,mbaker@hotmail.com,usd,6.76,7.25,3918.88,2024-05-17
amy,young,pending,2024-12-22,5057 turner bypass,suite 679,feliciabury,nl,maine,32133,15153829502,shayes@warren-butler.com,usd,9.23,7.25,3146.75,2024-03-28
amber,williams,overdue,2024-11-10,6907 wang fields suite 266,apt. 627,south jessica,mu,alaska,36509,15359090297,zperry@hotmail.com,usd,27.36,7.25,2524.67,2023-11-07
wanda,gordon,overdue,2024-11-11,1699 camacho knolls suite 412,apt. 457,armstrongberg,kz,arizona,42737,11378091043,mcclainsamuel@molina.info,usd,18.98,7.25,1967.21,2024-10-17
nicole,williams,overdue,2024-12-03,05795 jessica street,apt. 549,melissaland,rs,minnesota,33529,13920067058,flloyd@hotmail.com,usd,9.32,7.25,3685.94,2024-11-07
tyler,whitehead,overdue,2024-11-22,4484 joshua crest,suite 333,lowerybury,vn,oregon,74117,19092050966,victoriasimpson@lawrence.org,usd,23.23,7.25,2232.82,2023-04-02
gary,fritz,pending,2024-12-25,8284 robert turnpike apt. 226,suite 444,port nicholasville,dj,kentucky,40200,14414737398,rickykim@gmail.com,usd,20.97,7.25,4077.31,2023-04-18
andrea,payne,overdue,2024-11-17,512 porter falls,suite 462,silvaville,sr,arkansas,1674,17915638155,johnsonbruce@hotmail.com,usd,8.62,7.25,104.27,2023-12-29
david,martin,overdue,2024-11-07,53449 cindy hill suite 208,suite 114,stefanieburgh,la,hawaii,3669,14136505723,langerin@hotmail.com,usd,21.59,7.25,2205.01,2023-07-30
jeremy,coffey,pending,2024-12-12,2715 butler pine,suite 316,mitchellland,af,vermont,93621,17377219381,yhawkins@yahoo.com,usd,22.22,7.25,4815.64,2023-03-26
robin,jacobs,pending,2024-12-30,82729 corey summit,apt. 852,briggsmouth,ml,illinois,42641,18232588377,zingram@stafford.net,usd,23.53,7.25,2581.14,2024-03-04
cindy,fletcher,overdue,2024-11-02,8398 steven lodge suite 324,suite 458,smithtown,bw,louisiana,27668,11994691093,colemanjohn@gmail.com,usd,20.01,7.25,1592.27,2023-11-11
roger,wu,pending,2024-12-16,79258 johnson turnpike apt. 956,apt. 707,michellefort,lt,vermont,76026,19192752763,shawnberry@yahoo.com,usd,14.4,7.25,4300.69,2023-11-24
sheila,little,pending,2024-12-09,96593 donna park,suite 267,new anthony,jp,tennessee,43687,13680661659,cgarcia@jennings-glover.com,usd,5.98,7.25,4159.52,2023-09-12
deborah,anthony,overdue,2024-11-17,941 ramirez dale,suite 112,south scottberg,cd,oklahoma,38161,17796811783,gonzalezdarrell@schmitt.org,usd,28.1,7.25,4884.77,2024-09-24
sandra,ramirez,overdue,2024-11-04,1517 fleming manors,suite 607,west courtney,nz,montana,96248,12485380352,smithjon@gmail.com,usd,19.96,7.25,2496.43,2023-11-30
sarah,garcia,overdue,2024-11-10,87800 castillo valleys,apt. 463,north cathy,ke,hawaii,78659,14795180319,gcoffey@yahoo.com,usd,14.74,7.25,1862.97,2023-11-21
sophia,trujillo,overdue,2024-12-02,675 darrell hollow,apt. 031,east garrettfort,tr,north dakota,76809,15432835409,wmeyer@williams.info,usd,25.04,7.25,1873.66,2023-05-10
dennis,parker,pending,2024-12-13,822 rivera fords suite 957,suite 955,south meaganmouth,nr,maryland,87627,19663712673,jessica22@yahoo.com,usd,10.06,7.25,2303.6,2024-10-11
sharon,mason,pending,2024-12-25,60240 joshua inlet,suite 506,thomastown,de,hawaii,43554,17769512657,kennethdaniel@gmail.com,usd,23.0,7.25,461.32,2023-04-01
christopher,graham,overdue,2024-11-01,84523 christopher harbors apt. 018,apt. 538,heatherbury,cn,kentucky,75260,18533628168,herbert66@collins.com,usd,20.56,7.25,1798.39,2023-06-04
michael,armstrong,overdue,2024-11-10,20677 paul loaf,apt. 930,lake ronald,dj,north carolina,6739,16461517184,norrissarah@yahoo.com,usd,21.39,7.25,3516.17,2023-10-03
eric,young,pending,2024-12-31,513 molly village suite 587,suite 995,new dianeborough,bf,connecticut,36584,14785746530,dickersonstephen@yahoo.com,usd,13.21,7.25,4924.88,2024-10-19
shannon,ramirez,pending,2024-12-28,03299 cook junction,apt. 459,west shaunside,af,tennessee,6374,16962752850,cunninghamwalter@glass-fleming.info,usd,22.77,7.25,4912.46,2023-07-13
william,peterson,overdue,2024-11-21,346 carter villages,suite 219,jeffside,bw,rhode island,91451,12233757744,thomasapril@ayala.com,usd,5.98,7.25,1212.79,2023-02-11
rachel,cole,overdue,2024-11-27,75157 wyatt vista,suite 036,port dana,gq,vermont,22393,18953243686,carolcastro@gmail.com,usd,27.42,7.25,847.73,2024-01-04
francisco,jones,pending,2024-12-08,998 aaron crest suite 058,suite 922,lake jasonfort,bg,oregon,66767,12555616320,christine40@hotmail.com,usd,26.58,7.25,749.56,2023-05-30
kenneth,johnson,overdue,2024-11-25,0562 amber drive,apt. 179,lake kyle,bt,wisconsin,17217,12263616332,eddiesuarez@gmail.com,usd,16.23,7.25,4321.36,2024-07-01
brianna,thompson,pending,2024-12-16,58537 christina fields,apt. 589,south beth,ru,rhode island,31553,17789778581,joshua99@yahoo.com,usd,17.49,7.25,1370.73,2024-10-15
melanie,cole,pending,2024-12-05,14630 jacob spurs suite 950,suite 033,krausefurt,td,west virginia,45808,17617754701,smarquez@bowen-stewart.com,usd,10.34,7.25,1962.52,2024-06-18
jon,gill,pending,2024-12-14,0720 hicks parkway apt. 564,apt. 547,new scott,pa,alabama,28814,17673458898,emilyroberson@graham-hensley.info,usd,28.65,7.25,3676.13,2023-06-08
alexandra,cook,pending,2024-12-09,4056 john mountains,suite 195,kevinchester,gd,minnesota,45433,11345175377,amyenglish@hotmail.com,usd,27.61,7.25,2764.42,2023-02-10
paul,smith,overdue,2024-11-02,036 rodriguez burgs apt. 970,apt. 808,north johnburgh,mh,georgia,79670,19744690718,danawright@johnson.info,usd,12.02,7.25,4070.14,2024-02-04
benjamin,lawrence,overdue,2024-11-30,370 smith inlet,apt. 135,smithbury,cv,ohio,30723,14616477188,johnsonjesse@diaz.com,usd,11.07,7.25,3101.5,2023-09-12
william,gardner,overdue,2024-11-04,65565 harvey plains,suite 789,port paulaville,gb,colorado,49639,13755926526,sherifrederick@george.com,usd,22.19,7.25,3226.79,2023-01-21
michael,morgan,pending,2024-12-19,846 davis flat suite 336,suite 288,gonzalezmouth,uz,montana,47072,12607994976,qadkins@gmail.com,usd,6.06,7.25,2678.11,2024-11-21
david,johnston,pending,2024-12-23,988 nicholas plaza apt. 304,suite 245,barnesport,vc,oklahoma,61825,17771189377,jonesmarissa@thomas.com,usd,13.13,7.25,2730.59,2023-10-25
julie,long,pending,2024-12-19,11265 walton loaf,suite 772,east joe,ua,maine,10508,11089578699,courtney16@collins-peterson.biz,usd,28.7,7.25,4343.09,2023-01-26
crystal,burton,pending,2024-12-08,13203 jacob ridges apt. 425,apt. 237,alexanderland,sl,florida,88078,15432727640,zberg@smith.com,usd,27.53,7.25,3194.63,2024-06-02
rebecca,robertson,overdue,2024-11-27,203 randolph springs,suite 535,roblesborough,ad,minnesota,83684,12875377040,fmatthews@yahoo.com,usd,11.1,7.25,2616.98,2024-04-03
megan,powers,pending,2024-12-24,23119 jean key suite 689,suite 705,davidfort,ar,texas,75993,13743307987,lindamartinez@white.biz,usd,29.2,7.25,586.2,2024-03-10
cameron,rice,overdue,2024-11-16,9685 madison islands suite 041,apt. 276,wagnerborough,sm,rhode island,51841,19695148464,xthompson@sullivan.com,usd,27.82,7.25,1001.88,2023-07-31
shawn,soto,pending,2024-12-21,337 debra keys,suite 404,tylerton,ba,california,78242,19924165859,michael26@smith.biz,usd,13.93,7.25,3638.13,2024-10-21
karen,lopez,overdue,2024-12-02,010 arthur pike,suite 587,castanedahaven,sd,ohio,51620,13611554764,deannarice@santiago.com,usd,5.1,7.25,1918.96,2023-10-01
john,paul,overdue,2024-11-27,404 webster views suite 896,apt. 255,south sophia,by,montana,70540,16692106910,omarberger@stewart-vasquez.com,usd,8.11,7.25,4947.46,2023-02-02
donna,harris,pending,2024-12-16,4358 rebecca greens apt. 208,apt. 351,donaldmouth,iq,iowa,76556,14167998772,karen56@yahoo.com,usd,27.51,7.25,4793.1,2024-03-15
calvin,jacobs,pending,2024-12-06,6005 lori land,apt. 816,nicolebury,de,ohio,98802,14589225877,reynoldsstephanie@garcia-miranda.com,usd,9.35,7.25,1544.28,2023-10-06
linda,sanchez,pending,2024-12-30,7093 jessica junctions,apt. 158,west alanmouth,rw,kansas,99361,18613419442,ethanmassey@hotmail.com,usd,23.22,7.25,3788.45,2024-09-03
ashley,johnson,pending,2024-12-29,485 sandra view,suite 649,lake ashleyfort,al,new hampshire,79133,12024672721,julie34@gmail.com,usd,15.48,7.25,3308.38,2024-08-01
angela,villanueva,overdue,2024-11-28,00601 davidson lake suite 652,apt. 057,south benjaminville,kr,south dakota,68226,14780145276,robinbooth@gmail.com,usd,26.62,7.25,509.18,2024-04-21
juan,hernandez,overdue,2024-11-17,162 sandoval roads,suite 003,aliciatown,tm,south carolina,66207,16021603871,mariawilson@yahoo.com,usd,12.03,7.25,3493.99,2023-01-09
sandra,moses,pending,2024-12-18,421 patrick ramp suite 946,apt. 840,davisfort,ly,georgia,67935,19864273309,heidi00@yahoo.com,usd,8.35,7.25,350.83,2023-09-18
john,scott,pending,2024-12-07,0533 hernandez trail apt. 038,suite 180,south jeremyside,sl,indiana,7240,13988092717,cgeorge@hotmail.com,usd,12.74,7.25,457.72,2023-06-23
patrick,brown,pending,2024-12-10,1700 tyler field suite 673,apt. 878,lake andre,nz,ohio,9599,15805858586,potterrichard@gmail.com,usd,28.62,7.25,730.12,2024-03-04
michael,fry,overdue,2024-12-01,831 robert plaza suite 888,apt. 081,lake roger,et,wyoming,32210,13691571047,kathleen20@hotmail.com,usd,28.42,7.25,2886.27,2024-01-12
elizabeth,rhodes,overdue,2024-11-26,947 garner light suite 163,suite 708,south darrylview,kh,minnesota,50995,12368415359,washingtonchris@hotmail.com,usd,19.52,7.25,3107.7,2023-02-01
john,johnson,pending,2024-12-21,097 alexis streets,apt. 053,west willie,td,idaho,92229,12847738522,audrey97@coleman.info,usd,29.92,7.25,2804.75,2023-09-10
joshua,vasquez,overdue,2024-11-14,085 william courts,suite 011,south mariaburgh,by,idaho,55630,17365255100,amandamonroe@gmail.com,usd,6.99,7.25,2901.11,2023-06-23
jeffery,freeman,overdue,2024-11-27,4811 jackson prairie apt. 089,apt. 818,new elijahborough,bw,new york,15706,13519457151,bakertodd@henry.com,usd,26.33,7.25,1242.65,2023-07-20
julie,davis,overdue,2024-11-26,143 yesenia highway apt. 528,apt. 871,barnesmouth,bf,missouri,80454,17108086165,rsmith@hotmail.com,usd,11.65,7.25,2554.05,2024-03-26
nicole,espinoza,overdue,2024-11-12,279 cheyenne skyway suite 796,suite 448,gregorychester,ke,florida,89384,14495966909,craigmorrison@hotmail.com,usd,6.63,7.25,4645.6,2024-07-06
adam,roth,overdue,2024-11-09,6084 rhonda mountains suite 693,apt. 454,lake clayton,ag,louisiana,2084,11329000367,qhamilton@campbell-marquez.com,usd,7.11,7.25,2631.41,2023-04-07
jaclyn,fox,overdue,2024-11-19,755 michelle orchard apt. 533,apt. 960,east jamesmouth,dk,maine,90664,13136297721,crystalberg@hotmail.com,usd,6.44,7.25,4385.14,2023-09-01
ashley,turner,overdue,2024-11-26,416 stephanie club,suite 350,north davidberg,gh,louisiana,64863,11576618751,nicholas33@monroe.com,usd,24.61,7.25,2677.84,2023-10-24
daniel,anderson,pending,2024-12-22,07879 diana harbors suite 139,suite 158,lindafurt,sb,new york,92003,11426323836,vjackson@hotmail.com,usd,21.32,7.25,1889.13,2023-01-04
kenneth,newton,pending,2024-12-24,817 rebecca hollow suite 293,suite 988,websterborough,iq,delaware,42737,18685148115,scott10@townsend.com,usd,22.44,7.25,1473.53,2023-12-20
christian,romero,overdue,2024-11-02,841 acosta shoals apt. 141,suite 734,hernandezbury,mt,mississippi,25155,15187006442,jennifer50@reid.com,usd,23.09,7.25,2690.84,2024-07-29
diane,taylor,pending,2024-12-21,081 john branch,suite 641,south shawnatown,gm,texas,41584,13124522257,cassandra36@ochoa.org,usd,12.79,7.25,2138.74,2024-06-11
martha,frazier,overdue,2024-11-14,84244 jacob lakes apt. 721,suite 151,connieland,bt,wyoming,82052,11011844727,vsnyder@ellis.info,usd,19.91,7.25,1751.6,2023-01-29
april,allen,overdue,2024-11-20,33388 berry inlet,suite 767,cherryland,rw,south carolina,10067,18184999384,tbaldwin@ross.com,usd,28.08,7.25,3658.57,2023-10-28
eric,franklin,pending,2024-12-07,859 timothy roads suite 611,apt. 265,new tiffanystad,va,maine,63154,19206324823,jessicaenglish@smith.com,usd,28.44,7.25,4216.53,2023-12-08
keith,sharp,pending,2024-12-30,179 vasquez points,apt. 313,new mark,ke,kansas,14980,13057111860,joshuashepherd@hotmail.com,usd,12.21,7.25,4878.11,2023-12-16
ralph,brown,pending,2024-12-21,4751 mccormick fork suite 782,suite 191,elijahtown,sl,louisiana,49691,15621091358,nancygonzalez@rivera.org,usd,19.31,7.25,3657.77,2023-07-04
melissa,walker,pending,2024-12-24,2874 diana cliff,suite 305,north brent,dm,illinois,43831,15489764530,irowe@anthony-gardner.com,usd,18.16,7.25,409.55,2024-05-26
allison,jones,pending,2024-12-24,4364 dorothy field suite 859,apt. 263,johnsonbury,tz,minnesota,68158,14998828026,jameswoods@tate.com,usd,21.81,7.25,4300.06,2024-04-13
katelyn,leonard,overdue,2024-11-29,835 frost path suite 556,apt. 093,port erica,vc,oklahoma,64422,18293594084,michelle13@dyer.com,usd,7.59,7.25,182.06,2023-08-01
amy,williams,pending,2024-12-23,67370 hayden drive apt. 579,apt. 773,sanchezview,cu,michigan,3545,15922437799,lisafuller@hotmail.com,usd,21.59,7.25,3884.49,2024-08-30
matthew,thomas,pending,2024-12-21,0453 moore stream,suite 593,port jeffrey,lt,kentucky,91392,12764708607,elizabethnorton@peters.net,usd,18.6,7.25,2603.94,2023-01-07
eric,wright,overdue,2024-11-18,496 leon fords,suite 112,west jamiebury,kw,new mexico,13623,16965152884,nicolecalderon@walker.com,usd,20.34,7.25,2598.75,2024-07-04
linda,clark,pending,2024-12-10,35418 jeremiah passage,suite 175,east matthewton,mt,massachusetts,6384,14912871286,schmidtlisa@moore.com,usd,24.34,7.25,612.37,2023-12-14
joseph,sherman,overdue,2024-11-17,62742 mark view apt. 160,suite 893,amytown,bo,delaware,14874,15917284795,callahanbrian@gmail.com,usd,24.07,7.25,4376.31,2023-12-25
guy,short,overdue,2024-11-08,40651 steven mission apt. 470,suite 796,new juliefurt,mv,nevada,76259,15686431217,jesuscarter@reed.com,usd,25.35,7.25,1651.44,2023-09-02
christopher,moore,pending,2024-12-18,50947 shelton key apt. 015,apt. 842,isaiahshire,cf,west virginia,98802,16377927444,wendypetty@martin.com,usd,13.9,7.25,3721.66,2023-05-07
kimberly,dean,overdue,2024-11-10,631 elizabeth summit,apt. 443,alantown,sg,washington,32531,11733527411,edward70@wallace-james.com,usd,20.09,7.25,4643.51,2024-02-25
sonya,gomez,overdue,2024-11-20,96210 alexandra river,suite 912,brandonport,mt,south dakota,11622,11412358054,nicholsshannon@hotmail.com,usd,16.22,7.25,1508.14,2024-02-13
john,bolton,pending,2024-12-26,0013 clark lane apt. 172,apt. 395,deniseburgh,gq,iowa,96945,18156509610,sdavis@moran-williams.com,usd,7.38,7.25,4217.26,2024-04-19
catherine,hudson,overdue,2024-11-20,0131 brian fords,apt. 586,martinezmouth,ao,utah,68487,19531365983,christopher84@gmail.com,usd,29.2,7.25,4388.68,2023-07-04
peter,brown,pending,2024-12-29,231 kristin lodge suite 138,suite 471,wrightport,rw,north dakota,44734,16658347490,gabrielle63@henderson.info,usd,5.66,7.25,3571.81,2024-08-20
tyler,juarez,overdue,2024-11-08,92858 clayton course apt. 640,suite 361,ericside,sz,virginia,56557,19537272042,douglaskirby@gmail.com,usd,24.32,7.25,1920.3,2023-06-29
derek,schwartz,overdue,2024-11-08,9103 vicki drive,suite 141,new shawnport,tm,illinois,50024,15999553102,hjackson@yahoo.com,usd,22.46,7.25,1055.28,2023-05-28
jessica,watson,overdue,2024-11-05,73449 james locks suite 397,suite 953,port anne,lu,montana,19894,11965227435,alvarezamanda@yahoo.com,usd,18.5,7.25,4871.0,2024-01-06
terri,miller,overdue,2024-11-04,7639 jennifer ways,apt. 282,east ashleyside,fm,north carolina,98152,17134375354,leerobert@yahoo.com,usd,15.65,7.25,2006.99,2023-11-05
stacey,cook,pending,2024-12-07,5314 john oval,suite 078,johnbury,ls,washington,69576,15550114889,swalls@ellis.com,usd,29.59,7.25,2207.72,2024-01-17
lori,dawson,overdue,2024-11-20,464 brooks port,apt. 582,heatherfurt,dz,georgia,84140,14748755605,garrettwilliam@buck.com,usd,25.2,7.25,3826.69,2023-09-13
valerie,aguirre,overdue,2024-11-06,0785 golden manor apt. 993,suite 362,east saraland,zm,tennessee,65384,18339409210,hamiltonhannah@davis-wilson.net,usd,10.44,7.25,824.47,2024-08-29
jane,ortega,overdue,2024-11-05,263 bruce mall,apt. 891,mortonport,so,south carolina,29786,11087744704,robertlewis@hotmail.com,usd,25.81,7.25,1123.01,2023-10-01
tanya,merritt,pending,2024-12-18,14053 castro skyway suite 694,apt. 777,michaelchester,fm,alaska,83305,12849301799,ugutierrez@yahoo.com,usd,12.33,7.25,2038.14,2024-09-09
sarah,bell,overdue,2024-11-16,0821 katherine roads,suite 791,new timothy,cy,iowa,70697,12070106921,turnercarrie@hotmail.com,usd,11.91,7.25,1029.79,2023-06-10
james,fletcher,overdue,2024-11-25,655 ward glens apt. 469,apt. 123,davistown,dm,illinois,87826,11203601486,johnrivera@gmail.com,usd,24.95,7.25,4895.83,2024-02-19
courtney,mitchell,overdue,2024-11-18,61382 francis estate,suite 469,andreabury,dj,utah,12356,14041003718,sherryblack@gmail.com,usd,22.77,7.25,1636.07,2024-02-25
cheryl,johnson,overdue,2024-11-21,39208 deanna forge suite 245,apt. 756,south nancyside,bt,california,79427,18984083735,watkinsrichard@ward.com,usd,24.63,7.25,2867.32,2024-08-28
kenneth,stokes,pending,2024-12-27,238 pruitt loaf suite 849,suite 645,benjaminmouth,pa,arkansas,73522,13573816235,william17@stevens-garcia.com,usd,21.12,7.25,1364.25,2023-07-05
ryan,molina,overdue,2024-11-29,34215 gabrielle tunnel apt. 414,apt. 466,tylerborough,ie,iowa,52540,14635442330,misty99@johnson.com,usd,11.67,7.25,4834.52,2023-10-23
kelsey,rice,overdue,2024-11-22,19114 timothy wells apt. 438,suite 252,north erictown,pk,maine,12170,16581045165,gweaver@schroeder.biz,usd,19.82,7.25,2497.12,2024-02-12
christopher,shaffer,overdue,2024-11-09,08663 ryan meadows suite 310,apt. 368,port joseph,tr,oklahoma,66906,17439346300,jacob63@beard.com,usd,14.2,7.25,2712.38,2023-10-06
sabrina,ramirez,pending,2024-12-12,92329 regina fords,suite 993,dillonberg,uy,virginia,73567,18851222351,skinnerantonio@rhodes-york.com,usd,23.61,7.25,1198.25,2024-03-23
paul,martinez,pending,2024-12-08,15181 selena road,suite 278,west nathan,jo,montana,60983,13124150731,melissaallison@gmail.com,usd,6.9,7.25,4233.03,2023-10-08
susan,olson,overdue,2024-11-09,73126 watts pike,apt. 567,ashleyland,bg,oklahoma,28676,18779089717,kalexander@gonzalez.com,usd,6.99,7.25,3553.03,2023-01-27
evan,walker,pending,2024-12-30,3753 angel shore suite 027,apt. 700,port jeremyport,bt,indiana,53582,18339642416,xlutz@miller-hudson.com,usd,5.46,7.25,3262.83,2024-01-12
annette,ramirez,overdue,2024-11-12,48416 tran place suite 163,suite 860,jaclynbury,do,wyoming,26421,15145978261,nicholasparsons@gmail.com,usd,11.07,7.25,1643.42,2024-08-10
joshua,hayes,pending,2024-12-09,5225 tracy alley,suite 868,port lorimouth,st,california,49304,15005361094,martinmatthew@yahoo.com,usd,6.74,7.25,2377.8,2023-03-13
marcus,chase,pending,2024-12-12,1083 amy trafficway suite 604,apt. 601,port ian,bi,delaware,40999,17466322926,dean36@villarreal.biz,usd,6.35,7.25,2424.61,2024-10-19
shelly,hickman,overdue,2024-11-28,38975 hansen vista suite 629,suite 747,matthewburgh,ua,alaska,56765,14531593846,zcarter@gmail.com,usd,20.6,7.25,2128.22,2023-03-02
matthew,allen,pending,2024-12-26,701 adam crossing apt. 142,apt. 131,deniseberg,pt,california,1393,19639559314,larsendavid@torres-medina.net,usd,10.42,7.25,1686.4,2024-11-26
justin,lam,overdue,2024-11-03,2308 rose hill,suite 939,port stephanie,co,hawaii,34650,11250907932,hpeters@yahoo.com,usd,16.28,7.25,1562.17,2023-05-18
robert,knight,overdue,2024-11-15,509 miles course,apt. 810,riverafort,lu,alabama,35207,15439660146,gatesjoseph@campos.net,usd,27.04,7.25,804.86,2024-04-03
james,thomas,pending,2024-12-14,543 shannon fall,apt. 931,lisastad,mv,florida,17482,14134028267,nathan55@hotmail.com,usd,23.79,7.25,4997.81,2023-03-30
ryan,craig,pending,2024-12-31,7750 dawn underpass,suite 261,manningville,nz,montana,99371,12724656434,xestrada@clark.com,usd,29.04,7.25,3144.35,2024-01-07
melissa,aguilar,pending,2024-12-24,48628 oliver plain,apt. 154,lake jefferymouth,se,washington,96657,11839242834,natalie96@gmail.com,usd,24.61,7.25,4066.57,2023-11-04
frank,medina,overdue,2024-11-12,7730 perez terrace suite 935,suite 454,west rebeccahaven,dm,washington,98248,16583288776,chambersmark@yahoo.com,usd,26.38,7.25,1607.17,2024-09-23
corey,figueroa,pending,2024-12-20,5095 porter mill,apt. 037,richardsborough,cn,nebraska,95849,14579888704,farmerwesley@gutierrez-shannon.com,usd,27.26,7.25,3998.92,2024-01-07
keith,hunt,overdue,2024-12-02,7691 jennifer valley apt. 404,suite 556,phillipsberg,in,pennsylvania,49899,18917535060,nancykelly@gomez.com,usd,19.28,7.25,418.95,2024-11-09
christine,howard,overdue,2024-11-02,3553 lewis inlet suite 860,apt. 794,north elizabethshire,jp,new jersey,16124,18932880150,susanmaxwell@yang.biz,usd,22.25,7.25,4715.39,2024-04-05
john,shah,pending,2024-12-21,65557 jones ridge,apt. 986,west jeffreystad,pa,delaware,98990,17328029250,hicksmandy@gmail.com,usd,16.06,7.25,1584.87,2023-06-10
michael,hendricks,overdue,2024-11-18,0443 gregory rue,apt. 171,east carol,mc,mississippi,89676,11981744117,butlermadison@hotmail.com,usd,17.23,7.25,1492.6,2024-01-17
laura,powell,pending,2024-12-21,334 best mission,apt. 316,scottfort,nz,nevada,3429,14512773203,martinezjessica@guerra.com,usd,10.43,7.25,454.76,2023-08-07
kevin,velez,overdue,2024-11-03,6208 mason knolls suite 282,suite 579,east patrick,tw,california,88258,16510461093,jorgesullivan@yahoo.com,usd,28.02,7.25,240.36,2024-04-08
ashley,mendoza,pending,2024-12-25,12208 elliott roads,apt. 823,west theodore,by,vermont,34786,14094257768,cindydunlap@gmail.com,usd,21.18,7.25,2979.67,2023-09-22
jennifer,wright,pending,2024-12-17,3211 fitzpatrick view suite 563,suite 489,carpenterton,ir,washington,98777,12933714018,ydean@dickson.com,usd,29.45,7.25,3311.11,2023-05-20
david,obrien,overdue,2024-12-04,97818 charles forest apt. 786,apt. 247,coryhaven,gr,tennessee,49341,19826319426,cynthia24@newman.com,usd,21.71,7.25,1065.69,2023-06-03
dustin,ross,overdue,2024-11-30,920 kayla junction,apt. 361,south joseph,ci,new jersey,7194,13584919875,benjaminmosley@baker.biz,usd,8.93,7.25,2367.74,2023-03-21
eric,johnson,overdue,2024-11-28,815 anthony fall apt. 930,suite 911,jenniferberg,co,arkansas,73595,18883501991,owashington@harris.com,usd,20.23,7.25,4900.75,2024-06-08
michael,thompson,pending,2024-12-15,30937 kimberly locks,suite 381,shirleyport,ps,north carolina,7075,14176536506,torresbryan@tyler.info,usd,27.3,7.25,2136.15,2023-05-26
kenneth,palmer,overdue,2024-11-08,6263 johnson circle,apt. 232,morganview,jo,texas,24776,12460741592,jonathon16@rose.org,usd,8.18,7.25,3957.36,2024-08-27
marcus,hernandez,pending,2024-12-20,542 white throughway,suite 513,gonzalezhaven,qa,illinois,92453,11411528674,lauriealvarez@hale-boyle.biz,usd,18.75,7.25,762.48,2024-07-26
olivia,blankenship,pending,2024-12-22,5035 kim ports,suite 480,east brittany,es,virginia,44954,11922849506,melissarogers@hicks.com,usd,13.95,7.25,4719.72,2024-08-31
tiffany,stokes,overdue,2024-11-18,88646 benjamin road,suite 493,timothyberg,ng,florida,44161,18470573842,frankedwards@yahoo.com,usd,8.19,7.25,1872.89,2023-12-06
jorge,smith,pending,2024-12-20,59536 joshua flat,suite 743,port johnathan,tl,indiana,75606,15580217872,edwardsjulian@hotmail.com,usd,28.4,7.25,2695.0,2023-06-17
jimmy,rojas,pending,2024-12-07,87631 erin tunnel,apt. 904,mathisbury,nl,maine,17281,12446741355,wrightterri@hotmail.com,usd,22.74,7.25,1619.96,2024-11-21
christopher,rodriguez,overdue,2024-11-06,9076 smith haven,suite 655,kayleeburgh,ec,south dakota,46920,17343454075,harold88@gmail.com,usd,8.8,7.25,2919.94,2024-06-08
monica,gutierrez,pending,2024-12-25,54694 bradley villages apt. 313,apt. 280,east makaylaburgh,to,oregon,32165,15064138801,edward73@yahoo.com,usd,18.34,7.25,2082.04,2023-09-27
lori,terrell,overdue,2024-11-29,69300 walker inlet apt. 857,apt. 356,susanfurt,lu,texas,61260,17798403298,micheleholmes@holder.com,usd,19.29,7.25,1115.18,2023-07-28
michelle,gross,pending,2024-12-17,873 le meadows,apt. 769,new jamesport,mt,north dakota,60770,15924434106,danielcobb@jones.com,usd,20.21,7.25,3364.73,2023-02-17
paul,fields,overdue,2024-11-21,33164 regina trace apt. 265,apt. 801,west heather,mx,utah,85037,17057387633,marquezjoseph@yahoo.com,usd,5.6,7.25,431.48,2024-11-16
kelly,green,overdue,2024-11-12,956 alexandra lodge suite 510,suite 682,lewisberg,ke,minnesota,72636,14208547014,gonzalezadrienne@perez-brown.org,usd,25.47,7.25,4714.04,2023-12-10
joshua,martinez,overdue,2024-11-26,7950 denise fort apt. 346,suite 525,danielton,it,arizona,85248,12553434862,conleymary@yahoo.com,usd,8.08,7.25,3931.84,2024-11-04
mary,horn,pending,2024-12-31,522 brian forges,suite 392,north christine,cm,new jersey,49654,13377370760,angela17@hotmail.com,usd,14.02,7.25,2352.79,2024-03-06
virginia,wolf,overdue,2024-11-05,62537 cook pine,suite 330,piercechester,bo,nebraska,19074,15366957057,kimberlythompson@gmail.com,usd,25.52,7.25,3266.99,2023-08-28
joshua,wilson,overdue,2024-11-04,637 matthew highway,apt. 259,north adrianfurt,fj,montana,14116,16673708291,xmatthews@yahoo.com,usd,12.15,7.25,135.43,2023-07-17
todd,ortiz,pending,2024-12-17,41777 crystal roads,apt. 024,paulmouth,tw,georgia,38139,17302238156,danielsherman@gmail.com,usd,13.95,7.25,2928.78,2023-05-16
emily,sanchez,overdue,2024-11-25,9523 richmond cove suite 998,suite 278,west sarahton,bd,new mexico,65376,18301547853,sarah77@reynolds.info,usd,12.17,7.25,4847.23,2024-03-12
sherri,anderson,pending,2024-12-12,31103 nelson mountain apt. 546,apt. 957,west ethan,id,north carolina,84776,15580923828,raymond26@evans.com,usd,16.35,7.25,1594.3,2024-03-10
monica,cooper,overdue,2024-11-23,4164 dawn rue,apt. 946,walterville,ao,new mexico,32224,14707250350,zfry@obrien.com,usd,5.81,7.25,2399.78,2024-06-28
rebecca,werner,pending,2024-12-06,6765 kelly prairie apt. 034,apt. 570,johnmouth,ps,massachusetts,48909,17220886149,jenkinsjacob@porter.com,usd,16.58,7.25,743.29,2024-06-22
nicholas,owens,overdue,2024-11-06,10875 williams center apt. 436,suite 338,abigailtown,cf,new jersey,29117,16613041467,justingomez@hotmail.com,usd,6.3,7.25,4268.48,2023-11-04
angela,perkins,overdue,2024-11-09,46280 miller drives,suite 696,new christopher,ls,massachusetts,42115,17093683736,fergusonmichael@porter-garrett.com,usd,5.05,7.25,1396.94,2023-07-07
mindy,ochoa,overdue,2024-11-20,571 howard fork,apt. 123,port samanthaberg,sa,new york,79413,11988363545,pricerachel@collins.com,usd,11.92,7.25,3222.31,2023-08-04
amy,myers,overdue,2024-12-04,1111 diaz drive apt. 044,suite 114,crystalfort,sa,indiana,76568,13865485871,vmacias@yahoo.com,usd,20.6,7.25,2918.36,2023-04-05
joseph,jones,pending,2024-12-22,356 fisher points,suite 836,andreaside,my,minnesota,66320,12631167526,brian07@gordon.com,usd,7.16,7.25,950.13,2023-02-08
judy,sanchez,overdue,2024-11-05,53388 fischer orchard apt. 964,apt. 893,south taraside,dj,nebraska,17511,13593112024,jparker@harrison.com,usd,9.46,7.25,3303.29,2024-08-31
ricky,petersen,pending,2024-12-31,252 david plaza suite 025,apt. 020,sandrabury,es,nevada,94487,18805528149,shannondiana@yahoo.com,usd,7.55,7.25,2831.05,2024-07-12
william,murphy,pending,2024-12-25,4512 glover canyon,suite 132,codyhaven,cz,kansas,84848,19877732319,opierce@hotmail.com,usd,16.84,7.25,156.92,2023-09-06
whitney,brooks,pending,2024-12-19,7216 blankenship alley suite 263,apt. 909,east elizabeth,ci,michigan,73333,14176789732,willisrobert@fisher.com,usd,5.79,7.25,4331.82,2023-09-07
angela,smith,overdue,2024-11-10,28907 smith cape suite 750,suite 232,garciamouth,pe,indiana,32729,18706774350,rangelkevin@huff-thompson.com,usd,18.62,7.25,2240.35,2023-08-22
kaitlyn,barrera,pending,2024-12-24,69255 edwards radial suite 645,apt. 244,new scott,cr,ohio,62633,18105345336,lisa77@yahoo.com,usd,16.57,7.25,1955.2,2023-10-17
amy,jackson,pending,2024-12-14,855 hannah union,suite 510,rhodesstad,la,pennsylvania,63332,16801170709,ilopez@gmail.com,usd,10.54,7.25,3581.12,2024-02-14
emily,wilson,overdue,2024-11-26,89907 brown pines,suite 650,cunninghamtown,ar,kansas,26654,12528815154,morrisonjesse@young-hawkins.com,usd,6.78,7.25,2918.32,2023-03-31
troy,wall,overdue,2024-11-14,0561 john underpass suite 806,apt. 245,rebeccaview,jp,michigan,90738,14318441695,calvin86@welch.com,usd,16.99,7.25,927.77,2024-03-19
tom,long,overdue,2024-11-08,5159 gonzalez ferry,suite 795,moralesmouth,bg,south dakota,49356,13840138328,marshallkenneth@schneider.com,usd,14.34,7.25,3570.58,2024-06-27
julia,peterson,overdue,2024-11-11,616 james passage suite 168,suite 337,east curtisstad,mh,new mexico,81445,17261594981,destiny71@bryant.org,usd,5.18,7.25,3642.37,2024-05-06
christopher,macias,pending,2024-12-14,33201 angela flats suite 269,apt. 783,south holly,ba,vermont,85991,19244813960,snyderbrandon@clark-scott.com,usd,21.33,7.25,707.78,2023-12-01
jeremy,garrett,overdue,2024-11-25,0000 thompson ports,suite 299,port rick,pe,colorado,42190,15728062423,kanderson@hood.org,usd,23.39,7.25,2327.31,2023-07-07
mark,rivera,pending,2024-12-24,03939 warren loop,suite 608,carsonview,mw,arizona,68772,15090796423,walkerashley@yahoo.com,usd,26.02,7.25,1042.39,2023-05-08
erika,thomas,overdue,2024-11-29,2482 angel underpass,apt. 193,south michealfort,kr,vermont,93796,11619446493,royibarra@gmail.com,usd,14.36,7.25,2476.08,2023-10-29
anna,burke,pending,2024-12-06,153 mendoza pike,apt. 231,new samantha,dk,hawaii,77002,16422476351,tara87@hotmail.com,usd,27.71,7.25,1965.32,2024-05-08
andrew,barnes,pending,2024-12-09,91828 fischer turnpike,apt. 635,west markfort,dz,new york,990,11078161849,qsalinas@wright.biz,usd,28.26,7.25,3559.67,2024-04-01
paula,yoder,pending,2024-12-25,793 jason glen,apt. 318,north barbaraburgh,et,louisiana,534,11098660078,humphreybrandon@hotmail.com,usd,19.16,7.25,2871.44,2024-11-15
veronica,robbins,pending,2024-12-23,63228 moses shores suite 081,suite 313,north paulmouth,fi,iowa,46564,12598791003,dlawson@hotmail.com,usd,5.65,7.25,1150.89,2024-10-19
brandi,hernandez,pending,2024-12-21,124 stephanie road,suite 569,east rachel,tg,michigan,93789,12994893718,dominguezshannon@clark-hayes.com,usd,20.81,7.25,492.3,2023-07-01
brandon,porter,overdue,2024-11-20,303 krause prairie apt. 028,apt. 804,port catherineton,tr,delaware,82121,15716999609,victoriasolis@yahoo.com,usd,26.4,7.25,2401.9,2024-03-27
kenneth,arnold,pending,2024-12-23,51337 shepherd forge,apt. 755,west debbiechester,kh,north carolina,70184,19663636366,matthewparker@yahoo.com,usd,5.24,7.25,1722.46,2023-10-11
tyler,gutierrez,overdue,2024-12-03,4438 white vista,suite 137,new ryanville,ag,west virginia,7708,11511152082,yrogers@hunter-rowe.com,usd,15.28,7.25,749.81,2023-08-14
daniel,medina,pending,2024-12-23,748 brandon brook,suite 659,south matthew,sl,south carolina,79359,15810282407,ayalachristopher@yahoo.com,usd,21.63,7.25,2344.89,2023-06-24
angela,colon,overdue,2024-12-04,02786 lisa via apt. 846,apt. 566,kevinton,by,michigan,14241,12571810901,martinezmichael@gmail.com,usd,17.16,7.25,4096.92,2023-09-26
gina,nelson,overdue,2024-11-13,72216 sheryl keys,suite 511,lake andrea,mh,oklahoma,60159,19159664637,mcintoshshelley@jackson.com,usd,26.78,7.25,4275.95,2023-08-09
mitchell,lee,overdue,2024-11-23,51733 hayes shores apt. 211,suite 150,kimberlytown,kw,north dakota,8227,16565468612,castillomadison@hotmail.com,usd,15.54,7.25,2799.85,2023-02-27
jeremy,alvarado,pending,2024-12-09,83189 prince unions,suite 469,west bethany,iq,north carolina,66244,18241391781,zwalsh@gmail.com,usd,15.07,7.25,488.73,2023-03-06
sonya,duncan,pending,2024-12-23,34980 kyle fields,apt. 482,georgeville,py,new mexico,36353,11665390192,karenbarnes@martin-myers.com,usd,17.46,7.25,4394.13,2023-10-26
richard,stevens,overdue,2024-11-07,91558 delgado rest suite 263,apt. 394,new maria,cz,hawaii,45239,13007195137,tyrone29@hall-hatfield.com,usd,21.22,7.25,3021.87,2024-09-26
amanda,dougherty,overdue,2024-11-28,653 lopez greens,apt. 440,new davidborough,md,wisconsin,91166,18898784866,gramos@brown.org,usd,28.18,7.25,2627.71,2023-09-16
andrea,barr,overdue,2024-11-07,946 susan mountain suite 335,apt. 804,north kristinaland,mx,louisiana,29697,12513140499,thorntonwilliam@peterson.biz,usd,27.32,7.25,4408.15,2023-07-14
valerie,bowen,overdue,2024-11-09,210 karen plains suite 480,suite 580,watersberg,so,washington,31655,15634037002,saramorrison@brandt.info,usd,8.19,7.25,4306.29,2023-11-24
jeffrey,brown,pending,2024-12-16,49374 mora port,suite 087,new brianhaven,mu,alabama,80505,11235040197,ashleygray@davis.com,usd,25.98,7.25,4247.98,2024-02-08
caroline,jones,overdue,2024-11-10,26962 brown stravenue,suite 559,west maryview,lu,new mexico,79426,15837442694,rebecca62@gmail.com,usd,16.04,7.25,399.1,2024-07-29
tricia,taylor,pending,2024-12-06,73752 white forks,apt. 582,new kaitlyn,fm,texas,935,13775913033,shane08@booker-aguilar.info,usd,21.43,7.25,4782.3,2023-08-21
timothy,vasquez,overdue,2024-11-25,695 anthony plains suite 579,suite 335,burkestad,mt,florida,94546,17161950000,jenniferjones@gmail.com,usd,20.02,7.25,2138.29,2023-08-01
christopher,bates,overdue,2024-11-28,4918 jerry circles suite 304,suite 054,lake tyler,bb,arkansas,76335,18930363081,davisshannon@gentry.com,usd,16.88,7.25,1050.36,2023-11-27
morgan,fisher,pending,2024-12-20,27607 scott isle apt. 801,suite 366,brownberg,dj,ohio,11353,16859090415,bcole@gmail.com,usd,20.09,7.25,346.29,2024-07-24
jesus,thompson,pending,2024-12-05,5617 casey walk,apt. 392,east jeffery,al,pennsylvania,30687,13972998636,weaverjulia@kelley-stewart.com,usd,6.7,7.25,3969.74,2023-05-22
daniel,hoover,overdue,2024-11-18,0913 mccarty lane,suite 853,shannonport,ao,washington,10716,13366111537,zthomas@young.com,usd,18.4,7.25,4282.98,2023-09-02
brianna,frazier,pending,2024-12-12,9699 jones estates suite 548,suite 829,kellyton,bj,south dakota,14151,18084655791,ericadams@hotmail.com,usd,9.4,7.25,4627.09,2023-01-08
shannon,glover,pending,2024-12-16,7561 gina falls apt. 408,apt. 255,port jeffrey,ls,indiana,38476,14809520881,davidshaw@yahoo.com,usd,18.21,7.25,1556.87,2024-10-27
megan,hopkins,pending,2024-12-09,5004 stephens ford apt. 210,suite 702,south cheyenne,sz,oklahoma,41763,15098612750,jessica50@hotmail.com,usd,6.96,7.25,3877.72,2024-09-08
lucas,ali,overdue,2024-11-30,580 whitney ranch,suite 590,north alicia,nl,massachusetts,67789,17784904992,tylerbass@hotmail.com,usd,15.38,7.25,3073.2,2023-08-12
jennifer,patterson,overdue,2024-11-20,47285 david cove,apt. 786,lake kathrynchester,bs,vermont,83483,17422571719,singhalexis@yahoo.com,usd,10.18,7.25,2422.55,2024-01-01
marie,boyd,overdue,2024-11-21,68182 jackson springs,apt. 265,johnsonland,nz,virginia,15598,17071551662,pottsstephanie@yahoo.com,usd,15.79,7.25,1783.43,2023-02-03
david,thomas,overdue,2024-11-28,665 edward groves,apt. 218,kleinville,st,indiana,61484,16517245351,huntjoseph@york-smith.org,usd,28.72,7.25,252.12,2024-09-29
cassandra,vazquez,overdue,2024-11-19,11016 brown roads apt. 428,suite 190,south jenniferberg,tt,new york,40506,12847293378,boothjeff@medina-hill.com,usd,26.73,7.25,4136.1,2023-02-20
edward,donovan,pending,2024-12-23,24812 daniel islands suite 801,apt. 818,lake jenniferville,ro,hawaii,57462,11451342864,qcarlson@gmail.com,usd,6.61,7.25,351.47,2023-06-06
emily,stokes,pending,2024-12-28,77175 ross court apt. 432,suite 174,jeremiahmouth,no,washington,36438,11563577287,ubradley@carroll-moore.com,usd,20.6,7.25,2424.06,2024-03-05
mary,stevens,overdue,2024-11-07,77400 george ridge,apt. 917,katiemouth,dk,alabama,38984,12957375620,earroyo@davis-lyons.com,usd,7.73,7.25,736.2,2024-10-16
rachel,jones,overdue,2024-11-15,6697 gilbert court,suite 417,josephview,bn,delaware,19337,15608320904,hhuber@gmail.com,usd,13.55,7.25,963.9,2023-12-01
stephen,gomez,pending,2024-12-10,1283 mullins forges,apt. 680,east michelle,ma,missouri,41996,15768413606,parkscarl@yahoo.com,usd,29.49,7.25,62.02,2024-06-02
john,wheeler,pending,2024-12-31,607 hodge street,apt. 844,mileston,mg,nebraska,26331,14037430635,campbellteresa@yahoo.com,usd,16.23,7.25,804.06,2024-12-04
margaret,willis,overdue,2024-11-07,442 jeanne place,apt. 175,vincentberg,tg,california,92446,15606894598,davidbrown@francis-adkins.com,usd,26.42,7.25,2277.34,2024-01-31
jennifer,krueger,pending,2024-12-08,178 morrison haven suite 163,apt. 351,courtneytown,ae,oklahoma,26999,12248056409,alvin17@yahoo.com,usd,7.24,7.25,3977.62,2024-04-24
pamela,young,pending,2024-12-13,568 harris parkway suite 050,apt. 706,east rodneyhaven,hn,kansas,24059,19419929080,williamselizabeth@yahoo.com,usd,25.6,7.25,2724.11,2024-05-25
renee,bartlett,overdue,2024-11-29,714 terri centers suite 809,suite 424,west grantview,mv,tennessee,88537,12235503037,mullinsjennifer@gmail.com,usd,26.76,7.25,76.09,2023-05-04
jason,davidson,pending,2024-12-13,123 jacob shores,apt. 134,west david,bn,new mexico,2217,17361990939,timothylang@hotmail.com,usd,28.27,7.25,3087.84,2023-03-30
janice,hernandez,overdue,2024-12-01,4336 bruce fall,suite 718,new alan,mw,montana,16831,14210858495,parkerkimberly@gmail.com,usd,25.58,7.25,4999.48,2023-06-25
natalie,jones,pending,2024-12-11,432 griffin haven apt. 510,suite 963,east michaeltown,cd,new jersey,25705,11493862589,carlshelton@gmail.com,usd,27.02,7.25,1279.09,2024-11-25
shawn,west,pending,2024-12-13,64370 sarah trail suite 585,suite 060,blackmouth,ls,rhode island,58002,11824617304,samantha30@ford.info,usd,24.62,7.25,1538.56,2024-10-03
kyle,peck,pending,2024-12-20,181 ware views,apt. 219,murphyland,hn,south carolina,604,15312686655,ywood@gmail.com,usd,21.66,7.25,3183.19,2024-08-01
dan,warren,overdue,2024-11-04,19334 rice village,apt. 835,mariaberg,sm,tennessee,95180,13707434676,cwilson@yahoo.com,usd,21.8,7.25,2932.53,2024-09-28
jonathan,gregory,overdue,2024-11-15,73492 mcdaniel drive,suite 362,lake gregory,er,new york,20360,14195848333,qhendricks@yahoo.com,usd,8.82,7.25,1272.58,2023-03-20
heather,mann,overdue,2024-11-29,4885 torres route apt. 895,apt. 244,west kristen,ao,new mexico,77349,12413881763,hhill@bates.com,usd,17.77,7.25,3358.44,2023-09-15
tyler,hayes,overdue,2024-11-22,54407 smith view apt. 637,apt. 207,debraton,sl,wyoming,62774,15817100236,stephanieanderson@gmail.com,usd,8.53,7.25,2016.38,2024-03-26
robert,king,overdue,2024-11-11,4512 richardson ports,suite 787,williamschester,ml,north carolina,50640,19129305872,maldonadopatrick@gmail.com,usd,24.1,7.25,2349.71,2023-07-31
patrick,scott,overdue,2024-11-08,7558 johnson union suite 395,apt. 870,ellisshire,gy,massachusetts,25602,16337766773,edward32@morgan.com,usd,7.14,7.25,1571.12,2024-10-14
allison,williamson,overdue,2024-11-20,0969 gabriel village suite 732,suite 759,east hannah,tn,georgia,93567,16437908661,jeremy84@elliott-farmer.biz,usd,13.17,7.25,428.48,2024-02-12
sherry,moreno,overdue,2024-11-02,79220 kelly green apt. 548,suite 377,new edward,tr,tennessee,45212,12201396517,josephmartinez@thompson.com,usd,15.23,7.25,2204.89,2024-05-19
danny,beasley,overdue,2024-11-30,058 freeman forest,apt. 488,east susanhaven,ro,hawaii,1941,17543371997,denise43@ray-hull.biz,usd,14.69,7.25,4209.53,2024-05-15
lisa,henderson,overdue,2024-11-19,11975 brett stravenue apt. 214,suite 262,simpsonton,lc,kentucky,13153,17063984507,whiterachel@gmail.com,usd,18.14,7.25,4645.04,2024-06-20
renee,hunter,pending,2024-12-24,49786 julie trail apt. 015,apt. 474,new todd,kh,louisiana,62337,17239651443,amyhall@flores-anderson.com,usd,17.93,7.25,988.43,2024-05-21
natalie,shelton,pending,2024-12-07,781 david lodge suite 908,suite 366,ericton,tm,hawaii,79868,13389013445,paulguerra@hotmail.com,usd,21.69,7.25,3989.79,2023-11-28
whitney,arnold,overdue,2024-11-23,99810 zamora court suite 460,suite 862,connertown,ao,north carolina,10094,17327423919,jonessteven@thomas-cannon.com,usd,15.31,7.25,751.0,2024-10-13
deanna,higgins,overdue,2024-11-18,275 susan mountain,apt. 487,east johnborough,md,north carolina,9520,14572385876,jessica33@sweeney.com,usd,20.79,7.25,558.9,2023-11-04
david,sandoval,overdue,2024-11-07,08808 nathan roads suite 500,apt. 759,east craig,kw,new hampshire,77513,15927393878,michael87@mendoza.com,usd,23.95,7.25,1846.47,2023-01-04
lindsay,glass,overdue,2024-11-07,32527 marcus spur apt. 478,apt. 723,port donald,ma,missouri,59799,14338216994,millernatasha@hotmail.com,usd,19.18,7.25,1637.51,2024-09-28
thomas,herman,pending,2024-12-12,384 patricia walk,suite 643,east michael,ro,vermont,34735,19486924902,sandersthomas@vazquez.info,usd,5.51,7.25,1124.4,2024-02-12
julie,garner,overdue,2024-11-23,11920 vargas throughway,suite 154,west michael,co,new hampshire,54323,14599175791,wwells@arias.com,usd,17.82,7.25,454.6,2023-04-06
savannah,matthews,pending,2024-12-30,2054 eric knolls,apt. 393,west kaitlynberg,nl,oregon,24122,13681390049,lovenatasha@yahoo.com,usd,12.18,7.25,1117.53,2023-02-22
elizabeth,allen,overdue,2024-11-06,529 antonio dam,apt. 984,north kellymouth,tg,kansas,2709,13598331779,hortonsteven@yahoo.com,usd,12.75,7.25,3783.04,2023-10-22
laurie,saunders,overdue,2024-12-03,192 norman crest suite 446,suite 007,analand,cr,texas,34697,16466307062,nathanrodriguez@sanchez.biz,usd,17.15,7.25,2977.61,2024-09-08
gary,gonzalez,overdue,2024-11-26,82354 michelle villages apt. 664,apt. 080,new maryfort,ne,virginia,4711,16428824934,zlarson@hotmail.com,usd,5.5,7.25,3755.11,2024-05-27
alyssa,martin,overdue,2024-11-11,1994 monica road suite 447,apt. 405,robertfurt,eg,washington,70374,13162917262,vperkins@hotmail.com,usd,13.57,7.25,4095.02,2023-11-28
steve,beard,pending,2024-12-30,8178 vargas parks,suite 064,wheelerville,fj,hawaii,19848,15511956990,tray@gmail.com,usd,10.21,7.25,3677.69,2024-11-11
zachary,morales,overdue,2024-11-25,48512 michael creek,suite 526,new stephanie,es,california,54499,14629305674,donovanjenna@hotmail.com,usd,12.6,7.25,4835.87,2024-03-15
angela,gonzalez,pending,2024-12-13,39653 craig rest suite 936,suite 723,lake margaret,lb,kansas,88282,14085909374,carpentermichael@hotmail.com,usd,23.15,7.25,4326.55,2023-09-28
trevor,robinson,pending,2024-12-17,855 sarah islands apt. 615,suite 831,east brian,es,indiana,7772,16734555691,anitamanning@gibson.info,usd,23.6,7.25,1085.69,2023-08-28
lisa,joyce,overdue,2024-12-01,46568 bennett views apt. 464,suite 808,west albert,lc,indiana,74512,18999717338,gwiggins@hotmail.com,usd,25.45,7.25,2379.04,2024-01-16
ryan,moore,overdue,2024-11-25,85264 leonard shore apt. 980,suite 636,jeremymouth,ar,rhode island,96655,17504185776,john07@morgan-perry.com,usd,20.5,7.25,2200.81,2023-05-03
sarah,clayton,pending,2024-12-20,86631 hicks bypass,apt. 918,west rebeccafort,dk,wyoming,39760,13694358526,jperez@gmail.com,usd,16.42,7.25,2314.87,2023-05-25
erica,higgins,overdue,2024-11-12,131 rodriguez drive,suite 311,brownburgh,ae,illinois,45492,13483044228,courtney25@mills.com,usd,9.97,7.25,3809.06,2024-10-06
timothy,lane,pending,2024-12-15,412 graham route apt. 280,suite 813,davidburgh,tl,california,93390,11235483426,dawn04@yahoo.com,usd,20.18,7.25,4240.99,2023-03-30
julie,chase,overdue,2024-11-28,00224 petersen brook,suite 944,west jennifer,ng,new jersey,2223,13933219990,campbellpriscilla@sandoval.com,usd,11.66,7.25,4100.46,2024-01-23
kevin,simpson,overdue,2024-11-15,04174 mary river suite 904,apt. 712,south evelynfurt,ye,nebraska,43364,16997287504,wayne43@yahoo.com,usd,14.43,7.25,4229.25,2024-10-11
susan,lopez,overdue,2024-11-02,26933 wilson road,suite 031,port christianchester,bo,alaska,88423,17154162450,mcdowelltony@jones.net,usd,29.46,7.25,4156.72,2023-08-03
stephanie,kelley,pending,2024-12-08,3514 beverly lake suite 860,suite 807,lake melanie,mn,washington,69717,16104855588,martinezjeffrey@moreno.com,usd,8.38,7.25,2908.67,2023-05-14
leslie,huynh,pending,2024-12-27,259 donald greens suite 852,apt. 002,morgantown,pg,west virginia,98993,18523846915,nwarren@gmail.com,usd,21.53,7.25,1888.31,2024-02-23
debbie,robertson,pending,2024-12-15,566 henderson crest,apt. 303,lunabury,pl,new york,53865,13702019665,jeffreygray@baker-wheeler.com,usd,27.94,7.25,2265.7,2023-03-22
hannah,davidson,pending,2024-12-13,425 olson road apt. 541,suite 003,port joel,gh,maine,93177,11286246008,calebnorris@hotmail.com,usd,13.43,7.25,4998.44,2023-12-13
natalie,mack,pending,2024-12-24,883 wallace crossing,apt. 995,emilyside,pw,virginia,10937,16581136993,keithbird@grimes-gallagher.com,usd,17.14,7.25,4613.86,2023-04-10
tara,lopez,overdue,2024-11-13,4366 avila brook,suite 950,lake saratown,lk,hawaii,11347,11709520839,abigailrichard@robinson-arnold.info,usd,11.42,7.25,2490.32,2023-03-18
anna,walker,pending,2024-12-13,710 garcia lake,suite 549,jasonland,kr,iowa,7035,15775972673,vhancock@andrews-coleman.biz,usd,23.49,7.25,3199.52,2024-01-21
timothy,martin,pending,2024-12-09,896 denise turnpike suite 004,apt. 858,lake melissahaven,ec,texas,31069,16895615621,kellershari@yahoo.com,usd,25.24,7.25,4684.13,2023-11-06
lisa,fuller,overdue,2024-11-28,07496 russell causeway,apt. 066,north andrew,lb,indiana,91055,18470448649,bryanbrian@johnston.info,usd,26.38,7.25,4235.86,2023-02-24
nicole,soto,overdue,2024-11-05,3213 yolanda mills suite 015,apt. 035,jenniferport,me,minnesota,38074,11199836034,josephcampbell@morgan.net,usd,14.23,7.25,259.7,2024-04-07
phillip,jones,overdue,2024-12-02,066 mckee mews apt. 504,apt. 727,south richardshire,sb,south carolina,21902,15307540850,johnjames@hotmail.com,usd,20.24,7.25,2066.54,2024-06-28
andrew,lopez,pending,2024-12-16,193 gregory stream apt. 330,apt. 525,west sarah,gr,california,97782,15870786369,darren33@yahoo.com,usd,16.57,7.25,2726.22,2023-09-07
sylvia,hutchinson,overdue,2024-11-17,1280 swanson forge suite 037,suite 954,north veronicaville,ar,washington,19238,11406246225,marshallamanda@gmail.com,usd,14.94,7.25,2656.02,2023-03-25
derek,hill,pending,2024-12-17,89099 york plain apt. 927,suite 269,fieldsberg,lr,washington,55042,13266536899,jenkinsnathan@hotmail.com,usd,10.26,7.25,3514.34,2023-05-03
billy,stewart,pending,2024-12-25,9065 angel burgs apt. 847,suite 392,guerreromouth,bs,florida,92509,15755061771,henrylinda@hotmail.com,usd,20.09,7.25,1044.74,2023-06-04
madison,martinez,overdue,2024-11-02,32199 cox loaf apt. 253,apt. 105,east stephaniechester,tl,montana,43067,11843022804,urobinson@hunt.com,usd,9.02,7.25,625.36,2023-10-25
keith,ward,overdue,2024-11-10,448 mccormick crossroad,apt. 168,south eric,gh,new york,35797,15348190118,eboyd@hotmail.com,usd,6.88,7.25,1929.91,2023-03-21
heather,osborne,overdue,2024-11-25,3643 bailey station suite 351,suite 439,east patricia,vn,vermont,24875,11736897446,tcobb@brown-simpson.net,usd,6.12,7.25,1275.14,2023-01-22
neil,wright,pending,2024-12-09,788 patricia neck apt. 499,suite 140,lake james,pw,louisiana,98912,16966271922,lauren77@dominguez-campbell.org,usd,7.38,7.25,934.92,2024-02-17
kimberly,williams,pending,2024-12-10,304 moss shoal,suite 439,west laurenton,ru,california,78226,15243177119,ronaldmiller@yahoo.com,usd,13.82,7.25,2870.09,2024-06-20
patrick,white,overdue,2024-11-26,6967 brown gateway apt. 015,suite 109,north brandonland,zw,maryland,98935,13297330310,jmeza@rodriguez.biz,usd,13.41,7.25,367.74,2023-03-03
mario,mercado,pending,2024-12-23,327 debra parkway apt. 780,suite 913,lewisview,tz,california,17921,19410766506,courtney52@mason-morgan.com,usd,18.63,7.25,1338.84,2024-07-29
patricia,bond,overdue,2024-11-04,9655 cynthia mountain,suite 974,cherylmouth,ae,illinois,29593,14363464675,rjohnson@hotmail.com,usd,28.47,7.25,1987.03,2023-09-10
joseph,hughes,overdue,2024-11-11,841 bailey inlet,suite 598,kylechester,lk,ohio,17351,17013589835,jeremyodonnell@savage-anderson.com,usd,9.52,7.25,3842.78,2024-09-19
miranda,jones,overdue,2024-11-21,9983 tanya trail,suite 203,sydneyview,bg,maryland,59003,14280844647,todd14@gmail.com,usd,17.8,7.25,3913.0,2024-08-23
nathaniel,cole,overdue,2024-11-30,2099 webb unions apt. 507,suite 715,east rachel,zw,louisiana,14125,11725569704,john45@yahoo.com,usd,5.17,7.25,3704.31,2024-07-04
kayla,villa,overdue,2024-11-28,3145 seth grove apt. 074,apt. 662,michellehaven,co,vermont,51174,13785236089,fredosborne@nunez.com,usd,5.96,7.25,260.88,2023-06-05
xavier,clark,overdue,2024-11-26,0380 jose fields,suite 467,josephchester,es,new jersey,19286,16941851343,hayesanna@yahoo.com,usd,12.36,7.25,595.43,2023-10-04
joseph,morgan,pending,2024-12-16,5377 maxwell circle,apt. 511,west michael,unknown,michigan,51955,17450950290,marshallrichard@brown.net,usd,26.56,7.25,3737.05,2024-05-27
kevin,zavala,overdue,2024-11-28,09734 gilbert springs suite 111,apt. 230,veronicaside,ci,arkansas,40791,12216955803,candrade@smith.com,usd,21.52,7.25,702.63,2023-09-08
leonard,wilson,pending,2024-12-12,333 rios way suite 596,suite 353,lake dalton,dj,louisiana,70929,17638935148,murphydavid@mills.com,usd,20.23,7.25,4868.68,2024-09-04
tammy,smith,pending,2024-12-12,6785 sharp trail,apt. 611,port michelletown,pw,texas,11248,17901452420,claudia34@thomas-stewart.com,usd,12.74,7.25,2166.35,2023-06-17
emily,mcmahon,overdue,2024-11-23,32391 christian underpass apt. 576,apt. 309,wallview,lu,colorado,38960,13625089082,kevinjones@mason-stanley.com,usd,18.72,7.25,4629.5,2023-06-20
trevor,hull,pending,2024-12-31,3678 jenkins mall apt. 156,suite 901,jonesmouth,so,oregon,8864,17985907832,catherineconley@yahoo.com,usd,5.75,7.25,465.39,2023-01-23
karen,lloyd,pending,2024-12-11,1768 ayala valleys suite 259,apt. 725,robinville,gq,alaska,7987,12237993056,shannon69@yahoo.com,usd,5.32,7.25,3594.68,2024-02-02
crystal,gentry,pending,2024-12-23,506 johnson plaza,suite 072,port lauren,dk,rhode island,70964,14055112239,vwilson@harding.com,usd,25.48,7.25,3153.22,2023-01-16
vicki,miller,overdue,2024-11-13,39334 alicia river suite 737,apt. 652,port scottville,az,montana,91371,11263092785,david27@lopez.com,usd,18.35,7.25,1300.6,2023-06-08
annette,duran,overdue,2024-11-17,7212 fitzpatrick hollow apt. 096,apt. 430,kimfort,kr,pennsylvania,19033,14961104840,ctorres@patterson-jones.com,usd,20.41,7.25,289.83,2023-04-09
susan,rodriguez,overdue,2024-11-30,32326 moore plaza suite 723,suite 768,new nancyton,ie,kansas,29873,14401895883,greerbrian@aguirre-gomez.org,usd,8.16,7.25,53.03,2023-11-25
michael,white,pending,2024-12-12,781 garcia oval,apt. 216,singletonburgh,sa,maine,68146,13622319481,smoses@mitchell-goodman.net,usd,15.26,7.25,1594.03,2024-06-12
christina,mills,overdue,2024-11-13,054 courtney divide,apt. 314,lisafurt,az,florida,98014,16256772234,aburke@yahoo.com,usd,18.0,7.25,4795.47,2024-08-03
theresa,miller,overdue,2024-11-13,058 white wells suite 507,suite 320,south brett,kr,kansas,67313,14712473440,gordoncastro@hotmail.com,usd,24.19,7.25,1935.34,2023-04-29
jessica,atkins,pending,2024-12-11,461 carla islands,apt. 238,port toddmouth,za,oklahoma,41538,15340523072,antonio75@hill.com,usd,7.72,7.25,2529.01,2023-02-25
michael,yang,overdue,2024-11-02,1155 christopher lock apt. 829,suite 765,west cynthiaside,fj,massachusetts,6260,19052729796,pjackson@freeman.com,usd,12.48,7.25,4947.24,2023-12-19
david,nguyen,overdue,2024-11-22,107 dixon hill,suite 269,lake natalieport,sy,arkansas,84632,14838161976,sabrinasantos@cherry.com,usd,24.58,7.25,4344.47,2023-09-12
seth,sanchez,pending,2024-12-29,746 garza expressway,suite 377,new richardville,ly,iowa,8523,19661991149,ithomas@brooks.com,usd,10.69,7.25,4372.91,2023-06-08
donna,crawford,overdue,2024-11-18,409 laura tunnel apt. 547,suite 777,henryside,va,new mexico,85307,11792949329,mary06@heath.com,usd,13.29,7.25,1218.94,2023-09-29
angela,dyer,overdue,2024-11-19,810 erickson isle,suite 841,danielsland,is,mississippi,97789,18262900710,christine97@hotmail.com,usd,17.99,7.25,3673.61,2024-05-17
john,nichols,overdue,2024-11-27,3002 sandra squares suite 947,suite 824,victoriahaven,ru,massachusetts,73094,19113996442,breannalynch@clark.com,usd,6.03,7.25,1834.33,2024-08-05
lance,myers,overdue,2024-11-03,48890 fernando cape,apt. 808,east stevenbury,gr,illinois,77975,13352471551,silvavincent@yahoo.com,usd,12.23,7.25,2742.1,2023-11-05
jessica,johnson,pending,2024-12-08,5872 robert bridge apt. 268,suite 914,new dianeland,ws,maine,32302,15158998114,pittmanrichard@moore.biz,usd,9.6,7.25,1337.18,2023-11-06
jacob,zamora,overdue,2024-11-17,0945 brittany hollow,suite 307,north gabriellechester,be,south carolina,88613,19049547378,hollandkatelyn@dalton-kelly.com,usd,12.38,7.25,2293.33,2023-07-09
christopher,gillespie,overdue,2024-11-27,28010 jackson drives apt. 080,suite 957,bowmanfort,jm,virginia,43986,18697716298,srogers@wu-porter.com,usd,12.9,7.25,1370.81,2024-06-18
dominique,keller,overdue,2024-11-28,1897 tyler trail apt. 187,suite 945,lake bobbyhaven,kh,montana,88980,12611322246,fullerfelicia@mcgee.com,usd,20.86,7.25,4307.95,2023-11-17
christopher,wilson,pending,2024-12-09,85063 chambers mews suite 372,apt. 314,yorkmouth,ir,kentucky,78157,18212570049,pettyrebecca@harmon-jordan.com,usd,29.92,7.25,612.65,2023-06-20
charles,vargas,overdue,2024-11-04,022 nicole cliff,suite 394,west ronald,tz,iowa,12733,12535839782,casey06@griffin.com,usd,25.44,7.25,1352.63,2024-05-21
holly,mclaughlin,overdue,2024-11-28,20467 elizabeth mission,apt. 925,new elizabeth,ir,mississippi,36590,15906247361,yblankenship@yahoo.com,usd,27.37,7.25,1651.76,2023-07-08
brian,evans,pending,2024-12-12,2843 carl park,apt. 105,fisherton,es,idaho,85391,15268782031,sandragray@palmer-woods.info,usd,28.58,7.25,1774.06,2023-05-23
sarah,cummings,overdue,2024-11-18,636 collins dale,apt. 189,south joshuahaven,ga,arkansas,45155,14759491947,destinyflynn@byrd.com,usd,6.65,7.25,2071.83,2024-03-15
monica,wolf,overdue,2024-11-19,748 kimberly throughway apt. 908,apt. 999,danielview,gd,vermont,9052,15034673345,darrellchambers@gmail.com,usd,26.9,7.25,1475.94,2023-08-06
amanda,jones,overdue,2024-12-04,4262 morris turnpike,suite 784,lake pamelaville,tm,michigan,12020,16520185999,elliottellen@yahoo.com,usd,15.62,7.25,583.91,2024-08-22
mary,hernandez,overdue,2024-12-04,98769 anthony club apt. 175,apt. 029,hansonville,lv,texas,19194,11195259421,monica56@hotmail.com,usd,11.82,7.25,3150.54,2023-04-23
gerald,yates,overdue,2024-11-12,78858 brittany highway suite 708,suite 346,south antoniobury,ga,texas,38274,14722337679,figueroaamanda@vega-young.com,usd,16.84,7.25,1403.47,2024-03-12
victor,sims,overdue,2024-11-26,91782 lam centers,suite 385,west breanna,ls,connecticut,46173,13406758874,mezaantonio@hotmail.com,usd,28.13,7.25,879.5,2024-01-22
ashley,santos,pending,2024-12-24,378 michael burg,suite 076,jamesville,nl,alaska,76807,18613179912,danielwilliams@yahoo.com,usd,24.08,7.25,1242.21,2024-10-05
latasha,patel,pending,2024-12-06,03509 tran greens apt. 385,apt. 791,shawberg,ml,south dakota,929,14440921457,stephen10@hotmail.com,usd,25.27,7.25,610.17,2023-08-25
tammy,colon,overdue,2024-11-18,7410 kevin falls,suite 064,north michaelbury,mc,tennessee,17554,15045058714,fergusonsarah@griffin.com,usd,21.08,7.25,2319.14,2024-11-24
shane,watts,overdue,2024-11-17,347 edwin loop,suite 627,west alexisberg,mv,hawaii,85408,18254971259,jeffreywalker@gmail.com,usd,7.41,7.25,4149.92,2024-06-11
alyssa,lin,pending,2024-12-14,5380 emily trace,apt. 852,stephensburgh,cg,pennsylvania,40052,14027876122,levivincent@yahoo.com,usd,5.77,7.25,3062.21,2024-11-06
ariel,arias,overdue,2024-11-04,9882 grant island apt. 142,apt. 290,rosechester,sa,michigan,83448,14669259524,stephen75@gmail.com,usd,11.21,7.25,3922.9,2024-06-19
jasmine,brown,pending,2024-12-27,541 christensen junctions,apt. 038,campbellburgh,bh,kansas,71910,17657997970,jean99@hotmail.com,usd,8.64,7.25,295.91,2023-10-31
kristopher,miller,pending,2024-12-23,226 garcia locks,apt. 762,east jennifer,sz,ohio,71962,17461770142,laurabaldwin@yahoo.com,usd,23.13,7.25,2373.1,2023-04-06
brittany,garrett,pending,2024-12-30,92902 schwartz turnpike,suite 999,wilsonburgh,pk,california,34946,12907046343,johnbruce@nguyen.net,usd,9.62,7.25,4128.63,2023-03-22
kenneth,short,overdue,2024-11-16,241 smith fort apt. 407,suite 450,north jeremiahside,si,georgia,85902,11103458135,kenneth23@mitchell-bailey.com,usd,20.25,7.25,3058.19,2023-06-08
tara,eaton,overdue,2024-11-15,18591 johnson estates apt. 115,suite 165,south mark,pa,new mexico,44018,18780492614,joshuafreeman@yahoo.com,usd,20.81,7.25,2571.48,2023-09-15
joshua,johnson,pending,2024-12-16,71444 brian inlet suite 680,apt. 177,west brenda,ua,kansas,54589,17325441815,masseylisa@gmail.com,usd,14.68,7.25,4105.42,2023-01-07
isaiah,reeves,pending,2024-12-21,252 elizabeth summit,suite 984,clarkemouth,pe,nebraska,79749,12590919401,cynthiaoneill@gmail.com,usd,23.14,7.25,2047.11,2024-02-24
anthony,mccoy,overdue,2024-11-16,3581 laurie freeway,suite 076,kellyfort,sl,hawaii,622,11955148765,anthonydavis@thomas.com,usd,19.98,7.25,476.75,2024-06-04
james,kelly,overdue,2024-12-04,836 jessica passage apt. 666,suite 965,north vanessa,qa,idaho,64547,14073288537,sarachavez@collins.net,usd,29.57,7.25,4954.56,2023-05-22
shawn,bradley,pending,2024-12-31,191 ronald junction,apt. 479,youngborough,dz,montana,31102,15782439405,krystalbishop@hotmail.com,usd,10.32,7.25,1997.58,2024-06-25
sergio,bender,pending,2024-12-05,02039 donna manors,apt. 163,mckayburgh,bg,louisiana,35353,17304104768,gwilliams@young-anderson.net,usd,26.02,7.25,2305.46,2024-01-09
joshua,torres,overdue,2024-12-04,6168 miles locks suite 882,apt. 657,leachstad,kw,louisiana,60048,14728887126,christina47@yahoo.com,usd,24.2,7.25,4119.22,2023-03-10
caitlin,fox,pending,2024-12-30,1135 cohen grove suite 597,suite 422,lauramouth,by,rhode island,78187,19495059657,brian40@gmail.com,usd,25.0,7.25,3837.27,2023-11-21
john,moore,overdue,2024-11-09,70289 john light,suite 641,port michaelborough,cf,pennsylvania,43261,19715343747,williamsmelissa@gmail.com,usd,17.22,7.25,3379.98,2023-08-27
jennifer,shaw,overdue,2024-11-16,16435 livingston oval,suite 018,jamesborough,iq,nebraska,56955,13647677483,christopher89@yahoo.com,usd,21.82,7.25,4449.3,2024-11-04
benjamin,rhodes,overdue,2024-12-03,928 bowman flats,suite 342,melissabury,mx,rhode island,55970,17855771014,millertammy@yahoo.com,usd,28.57,7.25,1219.84,2024-05-19
janice,scott,overdue,2024-11-08,5770 winters tunnel apt. 376,suite 043,sharpfort,gm,west virginia,36505,14362637399,marioowens@smith-francis.com,usd,14.79,7.25,4000.02,2024-06-06
erin,rollins,overdue,2024-11-28,3653 linda motorway suite 039,suite 801,port toddtown,at,illinois,28567,11105655085,whitediana@hotmail.com,usd,28.22,7.25,1592.67,2023-02-18
thomas,hawkins,pending,2024-12-22,42228 janet groves,apt. 484,thomasstad,me,colorado,18644,18188563736,ericwright@yahoo.com,usd,14.7,7.25,1427.61,2024-03-02
samantha,morgan,overdue,2024-11-18,5998 john ports,suite 945,stephanieshire,dz,nevada,8300,13427851965,gabrielcontreras@warren-brock.info,usd,18.72,7.25,1968.2,2023-07-11
daniel,walls,overdue,2024-11-17,282 randy extension,apt. 795,east madelinefort,bz,west virginia,93149,16580529426,tammygarcia@gmail.com,usd,28.48,7.25,2392.7,2023-10-25
jeremy,white,overdue,2024-11-16,324 parker island apt. 940,apt. 871,west alyssa,ni,new jersey,85405,19262457919,shane02@carroll.com,usd,20.86,7.25,2086.86,2024-08-22
steven,richardson,overdue,2024-11-02,48553 williamson roads,suite 772,new edwardborough,by,washington,84957,14013913590,jboone@gmail.com,usd,17.47,7.25,2323.72,2023-02-20
amber,rogers,pending,2024-12-30,853 smith cliffs suite 535,apt. 371,lake kendraview,om,utah,79942,17708245843,adavies@hotmail.com,usd,11.68,7.25,1263.57,2024-03-30
aaron,pope,pending,2024-12-18,9519 shane ramp,suite 031,griffinborough,ki,texas,29074,19179957449,joshuataylor@yahoo.com,usd,28.16,7.25,2208.04,2023-10-05
heather,cruz,pending,2024-12-21,155 joan lakes apt. 121,suite 120,new kristina,ke,north dakota,73979,19704417454,fhernandez@hicks.biz,usd,14.91,7.25,2588.98,2023-04-21
brittany,williams,overdue,2024-11-21,632 wells vista,apt. 767,west charlesmouth,dj,virginia,70123,19920361544,erinwhite@gmail.com,usd,23.26,7.25,4853.78,2024-01-10
kenneth,munoz,pending,2024-12-30,404 hernandez brook apt. 099,suite 289,santosberg,cr,michigan,54182,14960003277,kimberly17@yahoo.com,usd,27.35,7.25,4572.21,2024-01-10
sandra,wood,overdue,2024-11-22,1309 powers mill,apt. 718,joshuahaven,bz,pennsylvania,56727,14675847150,michaelmurphy@gmail.com,usd,6.97,7.25,495.28,2023-02-07
curtis,lewis,overdue,2024-11-10,3205 chang station,suite 096,lake aaron,uz,new mexico,98714,18278610585,lwilliams@mills.com,usd,14.1,7.25,2708.88,2024-10-03
kylie,escobar,pending,2024-12-20,944 emma parkways apt. 993,suite 697,briannaside,bt,oregon,62927,14009498856,penny60@hotmail.com,usd,17.6,7.25,3689.39,2024-05-13
patricia,brooks,pending,2024-12-24,05219 thompson plaza suite 108,suite 119,west samanthaport,ki,north carolina,71778,18286438606,latashaburke@johnson.info,usd,9.79,7.25,4596.62,2023-09-04
mark,barrett,overdue,2024-11-23,1077 king spurs,suite 511,jasonstad,jm,mississippi,43645,14226714885,matthew26@andersen-anderson.com,usd,5.92,7.25,1483.83,2023-01-11
willie,morgan,overdue,2024-11-25,47014 andrew locks apt. 922,suite 911,stoutfurt,bz,minnesota,20339,12832841099,deborah47@park.info,usd,18.08,7.25,959.09,2023-11-19
michelle,hardin,overdue,2024-11-10,522 gardner ford,apt. 848,garciashire,bd,louisiana,11265,11315771054,lewisbradley@hotmail.com,usd,8.38,7.25,2158.92,2024-11-08
greg,hardy,pending,2024-12-28,9637 jaime canyon,suite 134,west sherriton,tn,california,57068,13335010454,richardyoder@wallace.com,usd,28.9,7.25,4095.03,2024-09-17
kristie,rodriguez,pending,2024-12-26,64948 palmer springs,apt. 032,east jeremy,sb,tennessee,84196,18279900183,amy90@kelly.biz,usd,29.85,7.25,2970.28,2023-01-05
elizabeth,mcbride,pending,2024-12-22,0246 melissa forest,apt. 224,lake jessicaview,lb,new hampshire,60139,19012269430,christian82@hotmail.com,usd,10.52,7.25,3271.95,2023-04-09
alison,melendez,overdue,2024-11-17,558 brown alley,suite 554,west jennifer,mh,new mexico,97103,11472385571,melissa38@gmail.com,usd,5.77,7.25,1458.01,2024-11-22
michelle,rodriguez,overdue,2024-11-13,6931 lowe oval suite 104,suite 802,julieton,tw,louisiana,96083,18277212059,shane83@mason-smith.com,usd,9.96,7.25,3720.44,2024-09-13
heidi,alexander,overdue,2024-11-17,951 little circle,apt. 465,east laura,al,maryland,25457,19701291744,katiesingleton@boyd.org,usd,12.83,7.25,4801.06,2023-03-02
elizabeth,sanchez,overdue,2024-11-12,737 wilcox plaza,suite 528,port rhonda,ni,texas,58378,19477671471,sergio49@chavez.com,usd,19.12,7.25,2000.16,2024-10-28
craig,duffy,pending,2024-12-29,0388 williamson spring,suite 499,ashleyview,ir,louisiana,90696,15081210556,gibbslaura@clark.com,usd,27.2,7.25,4152.7,2024-10-22
kimberly,wilson,pending,2024-12-27,10103 campbell field suite 530,suite 150,west brianmouth,ml,maryland,62209,16548035271,chelsea17@williamson.info,usd,18.29,7.25,4886.22,2023-12-29
melissa,russell,overdue,2024-11-12,55811 joseph rapid,apt. 293,leonardtown,to,vermont,57313,11495487007,rodriguezjohn@romero-gray.com,usd,17.09,7.25,4267.63,2024-05-12
tyler,davis,pending,2024-12-16,163 allison branch,apt. 094,shafferfort,by,hawaii,99323,14129139451,dwise@hotmail.com,usd,29.93,7.25,4082.11,2024-05-31
katherine,hall,pending,2024-12-28,0256 timothy cliff,suite 226,jeremyport,iq,oregon,61190,19923823798,randallneal@hotmail.com,usd,9.66,7.25,696.89,2024-07-01
justin,carter,overdue,2024-11-22,82339 mindy square,suite 443,rachelbury,gy,maine,99656,11904148882,fhayes@bailey.info,usd,8.38,7.25,4713.43,2023-03-18
henry,baldwin,overdue,2024-11-24,38275 chad inlet,suite 168,east mary,md,california,53926,14497597405,burtonclifford@yahoo.com,usd,24.02,7.25,4675.64,2024-02-15
natalie,stewart,overdue,2024-11-28,87619 stephanie forges suite 183,suite 077,port erin,vn,montana,31560,19536319485,mmartin@gray-hayes.net,usd,23.01,7.25,3252.93,2023-10-11
julia,smith,pending,2024-12-28,48750 shirley stream apt. 102,apt. 245,chloeton,td,louisiana,19429,16354531830,phillip24@gmail.com,usd,22.02,7.25,4048.0,2024-10-05
rodney,carr,pending,2024-12-13,63235 felicia hill,apt. 600,shannonshire,bj,indiana,68489,17425178123,lauraanderson@green-maldonado.com,usd,12.22,7.25,305.46,2024-10-12
christine,mack,overdue,2024-12-02,930 sanford falls,apt. 540,new jasonstad,ws,kentucky,65013,13120350457,rebekahknight@garcia.net,usd,17.36,7.25,1199.16,2024-10-19
wayne,newman,overdue,2024-11-02,2486 brown extensions suite 803,apt. 071,north ericafurt,ee,michigan,73109,16715054284,jaredjames@holland.info,usd,5.06,7.25,3755.74,2024-05-11
gregory,butler,overdue,2024-11-19,5260 edwards garden apt. 338,apt. 621,new dawnland,ht,michigan,9684,11476856003,hawkinstina@craig.com,usd,17.46,7.25,2492.01,2024-10-22
melissa,greer,overdue,2024-11-19,15226 moon route apt. 112,apt. 605,port teresaville,mk,wyoming,23082,12981813035,pamelamorris@walsh.info,usd,25.85,7.25,96.68,2024-08-30
david,nelson,overdue,2024-11-24,21804 padilla ranch,suite 502,south tyler,tt,colorado,89538,19825142150,jason75@gmail.com,usd,15.56,7.25,3740.37,2023-04-05
michelle,vazquez,overdue,2024-11-15,87177 nicholas summit suite 639,suite 229,juliaborough,kh,montana,21238,12494633005,ffoster@allen.net,usd,25.54,7.25,3123.33,2024-09-09
patrick,wood,overdue,2024-11-05,1570 brown divide,apt. 202,north christopherbury,st,north carolina,91682,15099317707,thompsontaylor@yahoo.com,usd,20.68,7.25,767.0,2024-06-05
christopher,pierce,overdue,2024-11-10,0152 newman station,apt. 110,port katelyn,sz,new jersey,96813,16557473402,christophermoore@yahoo.com,usd,19.83,7.25,3217.7,2024-04-06
morgan,burgess,overdue,2024-11-16,32974 jonathan bypass suite 159,apt. 854,sarahberg,gh,texas,94949,11318299817,shawnvincent@hotmail.com,usd,13.36,7.25,3424.77,2024-09-01
joann,cooper,overdue,2024-11-27,774 ochoa ports,apt. 495,ramostown,ua,south dakota,90708,12624531487,ograves@pitts.net,usd,26.04,7.25,853.65,2024-08-26
sarah,michael,pending,2024-12-19,12209 williams views suite 633,apt. 822,chelseymouth,cm,oregon,48823,15701773214,montoyamakayla@barrera-weeks.com,usd,29.42,7.25,1682.47,2023-05-14
jessica,schmidt,overdue,2024-11-07,1556 gray land,apt. 469,annaport,ec,louisiana,20521,14894801327,richard94@robinson.com,usd,22.57,7.25,3847.36,2024-10-13
laura,bryan,overdue,2024-11-07,304 jesse hollow apt. 894,apt. 343,north alec,mz,california,20797,18432561629,marvin73@burnett.com,usd,9.53,7.25,3764.11,2023-08-11
john,davis,pending,2024-12-30,896 catherine extensions,suite 033,north frederick,et,nevada,35388,15837758499,burkealice@rodriguez.com,usd,5.06,7.25,1416.35,2024-02-20
eric,miles,pending,2024-12-05,177 erika flats apt. 672,suite 550,south russelltown,mm,minnesota,6641,14751290592,sarahdawson@bailey-martinez.com,usd,29.57,7.25,1659.21,2024-08-24
david,moore,pending,2024-12-10,2078 eric falls,apt. 664,port stacyfort,mz,montana,95262,19286488655,james85@martin.com,usd,11.11,7.25,641.15,2024-07-22
gregory,hill,pending,2024-12-19,276 nancy land,apt. 744,port tyler,in,minnesota,78270,12199767881,zskinner@hotmail.com,usd,17.62,7.25,1165.99,2024-04-27
wendy,grimes,pending,2024-12-29,925 elizabeth station,apt. 105,south taylorburgh,ly,oregon,23274,18354216602,andersonrobert@wilson.com,usd,25.68,7.25,466.39,2024-05-02
jessica,bass,pending,2024-12-20,087 jimenez cape suite 673,apt. 763,south jeffreyhaven,om,illinois,6396,11609996195,angelaward@snyder.biz,usd,27.41,7.25,79.09,2024-05-28
isaac,benson,pending,2024-12-26,767 rachel field suite 953,suite 558,east aliciamouth,vc,louisiana,4011,12023452132,zsmith@hotmail.com,usd,22.17,7.25,316.08,2024-07-15
angel,bell,pending,2024-12-20,609 mcgrath extension,apt. 003,lucaschester,to,new jersey,79501,16150897626,josephmejia@rodgers.biz,usd,19.41,7.25,2586.28,2024-10-03
sara,lara,pending,2024-12-26,0323 cunningham radial,suite 922,south hannah,lb,florida,89459,12330082887,jonathanhansen@murphy.com,usd,22.53,7.25,3142.6,2023-12-19
vincent,lewis,pending,2024-12-23,0427 terry plaza,apt. 753,new michael,bb,delaware,14334,12871811159,jwhitehead@singleton-lopez.org,usd,23.26,7.25,1795.07,2023-06-27
miguel,smith,pending,2024-12-24,816 nicole points,apt. 544,east jesseville,bn,montana,33377,19155009680,fdyer@collier-sanchez.org,usd,20.64,7.25,1900.98,2024-10-23
john,harris,pending,2024-12-31,3009 bryan points,apt. 740,lake danielleland,dm,wyoming,33036,17241462247,stacy93@yahoo.com,usd,25.17,7.25,1952.96,2023-04-18
ethan,palmer,pending,2024-12-28,880 rhodes drive,apt. 691,jamesberg,ye,kansas,33069,17582136505,emclean@yahoo.com,usd,13.49,7.25,2829.26,2023-05-27
christopher,walker,pending,2024-12-31,38684 wise islands,suite 245,port pamela,lt,west virginia,90457,13840032662,gonzalezmelissa@yahoo.com,usd,18.74,7.25,3048.77,2023-01-14
jennifer,taylor,overdue,2024-11-02,0873 caleb causeway suite 519,apt. 879,east seanhaven,bg,new mexico,15045,16399656240,noahanderson@hotmail.com,usd,6.3,7.25,167.08,2023-12-05
luis,macias,overdue,2024-11-10,26058 kyle overpass apt. 046,apt. 852,port angela,mm,arizona,27387,11280188741,rdavis@jenkins.com,usd,8.53,7.25,3826.2,2024-03-05
susan,wilson,pending,2024-12-05,6981 charles bypass suite 627,suite 151,south matthewborough,rs,nebraska,77998,12029366445,wilsonmadison@olson.org,usd,8.64,7.25,3454.28,2023-03-07
brenda,cox,pending,2024-12-27,3372 davis courts suite 719,apt. 783,jonshire,sy,louisiana,49622,19459330897,diazlaura@mata.info,usd,14.33,7.25,562.66,2024-05-04
brenda,scott,overdue,2024-11-02,706 warner roads suite 094,apt. 197,lopezside,cn,rhode island,60482,14431220232,michaelchan@yahoo.com,usd,24.96,7.25,1391.18,2024-07-04
paula,armstrong,overdue,2024-11-18,343 cruz fort suite 745,apt. 309,lewisbury,ph,wisconsin,28298,12992370339,daisyelliott@yahoo.com,usd,7.47,7.25,795.61,2024-10-04
brian,gray,overdue,2024-11-19,28977 morgan station apt. 734,suite 069,melissafurt,uy,alaska,23253,16130114459,lrose@willis.info,usd,18.18,7.25,1832.11,2024-07-22
sarah,boyer,overdue,2024-12-01,63987 nguyen cliffs apt. 543,suite 924,north jamesmouth,ps,iowa,71770,16433771247,timothy09@hotmail.com,usd,9.86,7.25,2931.51,2024-01-25
mackenzie,nguyen,pending,2024-12-05,6443 lisa gateway suite 316,apt. 487,markfort,nl,kentucky,47960,14880831171,katie03@owen.com,usd,22.62,7.25,3436.93,2023-11-11
leroy,cortez,pending,2024-12-23,50307 davis garden apt. 716,suite 806,east marymouth,ie,south dakota,63115,17245378054,evansnancy@smith.com,usd,10.86,7.25,267.72,2024-09-08
kevin,allen,overdue,2024-11-19,375 miller greens apt. 071,apt. 880,nunezton,br,nevada,1305,14044699427,heather92@hotmail.com,usd,5.14,7.25,809.5,2024-03-31
geoffrey,sweeney,pending,2024-12-09,3908 johnson cove suite 072,apt. 776,heathermouth,ht,alabama,19475,16701733440,hansenmatthew@mullins-long.org,usd,17.17,7.25,2714.1,2023-07-02
christine,pham,pending,2024-12-10,5342 diana trail,suite 627,port victoriastad,ee,alaska,10047,15424826091,lisaflynn@marshall-rowland.net,usd,11.98,7.25,2661.92,2023-09-11
michael,anthony,overdue,2024-11-25,9309 michael ridge,suite 151,west james,tn,maine,2658,12567957430,jenniferdelgado@gmail.com,usd,18.94,7.25,2235.85,2024-08-08
kimberly,solomon,overdue,2024-11-04,3401 baker turnpike,suite 476,williamsstad,se,kentucky,45257,18479222033,sophia71@martinez-weeks.com,usd,28.1,7.25,726.68,2023-06-13
brandon,sanders,pending,2024-12-07,02382 robinson overpass apt. 495,apt. 302,sarahland,pa,hawaii,10461,15342593905,mcdanieltina@gross.net,usd,27.63,7.25,1401.58,2024-01-12
mark,combs,overdue,2024-11-05,771 stephanie manors,apt. 274,west davidborough,mv,montana,21632,11905497460,greenmelissa@salinas-hodges.com,usd,10.15,7.25,1946.3,2024-07-21
laurie,barber,pending,2024-12-19,388 scott islands,suite 170,horneview,dj,missouri,40375,11261279199,sharon80@gmail.com,usd,24.25,7.25,4460.13,2024-11-06
meagan,washington,pending,2024-12-23,981 eric trafficway,apt. 705,rubiomouth,za,west virginia,78867,13932145698,christianbishop@yahoo.com,usd,7.43,7.25,2206.36,2023-10-08
james,gutierrez,pending,2024-12-23,04318 sarah point,apt. 275,lake laura,do,alaska,57313,12913916795,andrew91@hotmail.com,usd,5.01,7.25,151.94,2023-08-23
colleen,garner,overdue,2024-11-03,70744 stephanie lane suite 058,suite 317,north shelby,hn,utah,39215,14191127481,jerryjones@simmons.com,usd,26.48,7.25,2981.32,2023-09-24
sara,mckenzie,overdue,2024-11-16,69216 williams stream suite 141,apt. 785,peterburgh,td,minnesota,72907,12343497566,valentinejacqueline@yates-smith.com,usd,7.07,7.25,2837.95,2024-06-29
james,williams,overdue,2024-11-03,456 hutchinson stream suite 620,suite 349,craigville,bz,mississippi,77952,19595094653,jasonknapp@yahoo.com,usd,16.66,7.25,1502.87,2023-06-08
brittany,vance,overdue,2024-11-08,7888 justin skyway apt. 126,suite 281,port courtney,jo,florida,48927,12761313109,laurabrewer@roman.biz,usd,9.09,7.25,3685.15,2023-04-06
jacob,franco,overdue,2024-11-16,1167 young burgs apt. 622,suite 476,erikville,ao,virginia,39970,15136882359,andradejacqueline@flowers-robinson.com,usd,17.49,7.25,535.99,2024-08-30
andrea,conley,pending,2024-12-20,19240 karen bridge suite 826,suite 845,west debbie,om,hawaii,65251,18973575720,mcguirecheyenne@yahoo.com,usd,27.7,7.25,3452.4,2023-07-20
james,herrera,overdue,2024-11-29,49481 sellers courts,suite 142,west kathybury,am,kansas,69573,14881939971,rfinley@hotmail.com,usd,29.22,7.25,4442.74,2024-05-30
mandy,baker,overdue,2024-11-12,51123 montoya pike suite 978,suite 297,schwartztown,ke,wyoming,89558,12676401168,westlance@hotmail.com,usd,22.12,7.25,2580.34,2023-06-05
oscar,weber,overdue,2024-11-01,79895 griffin summit,suite 556,lake philip,ug,wisconsin,39481,18570532295,jamie22@yahoo.com,usd,29.34,7.25,124.88,2024-09-01
joshua,miller,pending,2024-12-11,311 duncan drive,suite 732,east sara,er,virginia,16284,12125042182,melissacruz@ramirez.com,usd,25.48,7.25,4880.05,2023-04-13
francis,rodriguez,pending,2024-12-27,1892 smith springs apt. 417,suite 679,new christopher,cg,west virginia,98915,18076944688,taramcdaniel@hotmail.com,usd,28.8,7.25,4223.37,2023-03-03
amber,castro,pending,2024-12-24,287 johnson keys suite 591,suite 845,east kelly,lc,alabama,64216,15009890878,mmclaughlin@holden.com,usd,12.3,7.25,2877.78,2023-04-09
arthur,brown,overdue,2024-11-09,4743 soto union,apt. 751,north brenda,ru,kentucky,24478,11054459797,paul22@waller.com,usd,8.98,7.25,3420.31,2024-01-16
george,pacheco,pending,2024-12-29,233 sandy plains suite 087,suite 556,samanthatown,lu,hawaii,88796,15123538115,chenashley@schroeder.org,usd,7.3,7.25,708.52,2024-03-23
kenneth,goodman,pending,2024-12-11,208 david inlet apt. 680,suite 164,lake ericburgh,dz,south dakota,32542,16001937513,dianasullivan@ramirez-martinez.com,usd,7.32,7.25,988.05,2023-01-25
michael,lee,overdue,2024-11-19,1544 clark pine,suite 809,sarahburgh,at,michigan,44810,17276395064,christopherjones@allen-gibson.info,usd,23.55,7.25,4791.13,2024-12-02
amanda,spence,overdue,2024-11-29,5460 ortega path,apt. 057,warrenside,pe,nevada,83928,18621291724,hwilson@james-sanchez.com,usd,5.3,7.25,3033.04,2024-04-25
curtis,schmidt,pending,2024-12-18,9083 chad causeway,apt. 566,new bryan,ng,north carolina,20232,18094650630,holly48@jones.com,usd,12.28,7.25,3296.15,2023-02-23
theodore,watts,overdue,2024-11-22,6809 stephanie cape,apt. 283,lake samuel,to,oklahoma,23010,19997190302,carrie08@wilson-cowan.net,usd,6.09,7.25,4472.13,2023-06-15
alexandra,oconnell,overdue,2024-11-08,1091 jeremy wall,suite 505,davisstad,eg,indiana,98695,12165055254,ianderson@gregory.com,usd,21.52,7.25,3766.2,2023-04-03
carly,paul,pending,2024-12-26,43513 lisa mountains,suite 721,east jamesburgh,tv,texas,63172,19593963257,ebarr@randall.info,usd,5.07,7.25,1793.72,2024-07-11
jessica,thompson,overdue,2024-12-03,9214 lopez estates,suite 154,north leslie,hr,washington,77502,16100175024,zfitzgerald@watson.com,usd,11.97,7.25,1391.36,2023-02-13
kathryn,ross,pending,2024-12-07,072 haley vista,suite 051,west paulmouth,ke,arkansas,54929,19080600770,morganrodriguez@ibarra.com,usd,9.14,7.25,1038.58,2023-05-03
jeremy,adams,pending,2024-12-05,02458 owens trail suite 409,suite 337,west traci,gd,kentucky,93460,13756556222,oliverlaura@gmail.com,usd,19.82,7.25,472.92,2024-05-31
richard,robbins,pending,2024-12-24,465 chad course,suite 026,anthonytown,kn,iowa,63909,11894894487,jennifer77@gmail.com,usd,15.18,7.25,1755.78,2024-06-14
lisa,watson,overdue,2024-11-18,0805 caroline hollow,suite 280,aguilarstad,dm,nevada,71378,15495760805,wallen@hotmail.com,usd,22.29,7.25,3276.54,2023-11-05
michael,ramirez,overdue,2024-11-27,5780 glenn orchard,suite 723,east petertown,ps,north dakota,54035,18442655730,teresa55@yahoo.com,usd,24.12,7.25,435.23,2023-12-19
meghan,combs,pending,2024-12-07,8951 holt garden,apt. 295,katherinechester,mt,connecticut,97558,15690698256,ejensen@king-sanchez.org,usd,14.95,7.25,2165.64,2023-07-23
emma,perez,pending,2024-12-23,642 kenneth overpass suite 592,suite 689,singhville,py,oregon,91685,18091570950,kelly77@ward.com,usd,6.21,7.25,275.35,2024-06-01
patrick,ochoa,overdue,2024-11-15,636 raymond burg suite 469,suite 186,north james,sk,rhode island,54301,13063874902,tamaragonzalez@herman-torres.biz,usd,7.92,7.25,3304.14,2023-04-06
samantha,white,pending,2024-12-06,16947 knight meadows apt. 539,apt. 545,new jeffrey,br,oregon,80203,12254595063,olsonchristina@leach.org,usd,18.51,7.25,3947.84,2024-05-31
jordan,perkins,overdue,2024-11-27,826 jennifer bypass suite 864,apt. 890,south samuel,cf,washington,64666,11455586703,higginsmario@yahoo.com,usd,17.69,7.25,3771.25,2023-10-20
joan,zimmerman,overdue,2024-11-21,95983 trevor mission suite 818,suite 340,west brian,bd,louisiana,64486,18467669965,wolfamanda@salinas.com,usd,21.37,7.25,1413.57,2024-03-18
tonya,rocha,pending,2024-12-31,8168 robinson forks apt. 046,apt. 430,east daleton,ie,delaware,91640,13332918417,suzannecunningham@gmail.com,usd,20.25,7.25,487.3,2024-03-19
lawrence,kirk,overdue,2024-12-02,645 sara villages apt. 968,apt. 607,port markmouth,lb,indiana,4133,17467623269,pchapman@aguilar.org,usd,5.8,7.25,3692.39,2023-03-02
victor,hall,pending,2024-12-25,601 james tunnel suite 725,suite 436,west nicholas,mw,illinois,15718,19541807407,karenthompson@hotmail.com,usd,24.53,7.25,4843.07,2024-03-10
kimberly,fields,pending,2024-12-31,15689 michael extension suite 592,suite 184,carterville,jm,vermont,64837,18447336570,thomas72@farley-walker.com,usd,29.91,7.25,3539.51,2023-06-02
james,castro,pending,2024-12-30,006 katie pass,suite 065,halestad,cn,new york,9712,12289094429,velasquezjoel@yahoo.com,usd,16.6,7.25,4158.74,2023-08-28
cynthia,johnson,overdue,2024-11-06,34931 bradley common,suite 284,lake karen,sv,new jersey,17480,15117685298,monicaosborne@massey.com,usd,14.84,7.25,2682.86,2023-05-06
justin,hill,pending,2024-12-29,63499 wilson street apt. 131,apt. 324,south ryanhaven,me,texas,22004,17455898921,mclark@terrell.com,usd,23.62,7.25,2087.11,2023-05-07
calvin,tran,overdue,2024-11-11,166 schmidt stravenue,suite 084,south nicoleshire,cn,california,98323,13025017137,codyhudson@yahoo.com,usd,12.3,7.25,2731.86,2023-11-05
allen,arnold,pending,2024-12-22,7231 mathews road suite 236,apt. 595,new charles,dz,oregon,41433,15372800722,longmichelle@gmail.com,usd,21.0,7.25,783.81,2024-02-17
sean,delgado,overdue,2024-11-27,4254 higgins inlet suite 041,suite 587,new karenborough,mc,michigan,63443,19590233317,wrightnichole@johnson.com,usd,18.42,7.25,2134.25,2023-07-24
tabitha,wong,overdue,2024-11-20,0172 nelson curve,apt. 314,east amber,gb,connecticut,89960,13117655726,ihunter@brown.biz,usd,20.37,7.25,2781.47,2024-05-28
timothy,turner,pending,2024-12-18,5698 thomas street suite 901,apt. 818,north juliaton,bj,new jersey,60116,14646704169,smithjoshua@gmail.com,usd,9.53,7.25,1006.5,2023-07-29
jason,patterson,overdue,2024-11-16,945 hall club apt. 462,apt. 163,west samantha,cz,maine,37507,15953550041,williamlowe@yahoo.com,usd,22.6,7.25,4261.7,2023-12-13
jacqueline,branch,pending,2024-12-15,069 michael stream apt. 778,suite 094,goodwinside,cg,west virginia,42034,12878424663,joseph50@hotmail.com,usd,16.05,7.25,3067.41,2023-07-17
sharon,west,overdue,2024-12-01,00896 gabriel spring suite 694,suite 490,south paul,mn,idaho,46930,15210194396,jeffreysmith@tucker.com,usd,12.95,7.25,4058.62,2024-10-10
sara,villanueva,pending,2024-12-11,8326 troy walk apt. 645,suite 128,coryville,al,massachusetts,11555,12615930386,andrew51@davis.com,usd,6.88,7.25,3131.58,2023-10-09
brian,rodriguez,overdue,2024-11-16,6048 jason shoals,suite 284,west michaelview,to,west virginia,11479,13491517366,lindadixon@yahoo.com,usd,26.76,7.25,3158.05,2024-08-29
kevin,simmons,overdue,2024-11-06,9759 ray crescent,suite 137,lake bruce,ba,florida,92709,18842605616,cody27@yahoo.com,usd,18.02,7.25,296.71,2023-01-12
travis,hanna,pending,2024-12-25,0955 robbins corner apt. 268,apt. 618,east christopherhaven,ge,massachusetts,26697,14151012167,vcontreras@powers.com,usd,9.34,7.25,1233.18,2023-07-04
michael,hensley,pending,2024-12-20,76967 williams turnpike suite 359,apt. 786,west gloria,kr,mississippi,50443,16006758176,lisa00@hotmail.com,usd,12.92,7.25,407.51,2024-04-26
daniel,holt,pending,2024-12-10,106 hernandez vista,suite 146,lake david,tr,maine,41593,19409214526,gregorychristopher@williams.com,usd,10.25,7.25,2176.62,2023-04-22
james,flores,pending,2024-12-14,1931 tiffany well apt. 022,suite 261,west sandraview,gw,new mexico,12834,14776335403,kbradshaw@wagner-edwards.com,usd,19.44,7.25,2923.84,2024-04-02
erik,taylor,overdue,2024-11-06,371 simon hill,suite 249,jonesview,no,washington,53518,15960495886,michaelking@estrada.biz,usd,23.62,7.25,3193.36,2023-12-30
deanna,terry,overdue,2024-11-10,956 byrd land,suite 681,allisonmouth,ga,maine,64380,14078631292,owells@dunlap-schmidt.com,usd,26.92,7.25,3222.04,2023-02-08
james,jones,overdue,2024-11-30,59901 nguyen path suite 473,apt. 214,edwardshire,ug,new york,3266,14725177144,carolibarra@yahoo.com,usd,5.8,7.25,3226.31,2023-10-10
michael,monroe,overdue,2024-11-22,786 sanchez station apt. 965,apt. 613,sandersside,eg,missouri,56529,17760404775,bchapman@yahoo.com,usd,7.44,7.25,4091.93,2023-04-30
steven,ellison,pending,2024-12-27,61025 todd lane,apt. 160,mallorytown,mn,ohio,84075,18071233355,nle@hotmail.com,usd,6.67,7.25,2706.87,2024-05-28
jacob,brown,pending,2024-12-05,5384 nancy cliffs suite 450,suite 906,port brittany,ar,south dakota,83183,15520966641,brooke42@gmail.com,usd,27.75,7.25,427.59,2024-05-09
madison,howard,overdue,2024-11-18,3697 brian extension,suite 627,new johnville,qa,georgia,76017,12846433088,stevenwalsh@gutierrez-gonzalez.info,usd,26.54,7.25,2181.2,2024-11-25
christopher,serrano,pending,2024-12-10,4573 austin courts,apt. 025,east laura,cd,oklahoma,11510,11007339739,justin06@yahoo.com,usd,23.45,7.25,4358.45,2024-06-23
jill,fry,overdue,2024-12-03,412 eric underpass suite 693,suite 257,dorothyshire,ma,texas,22205,11507265433,aaronperry@yahoo.com,usd,8.13,7.25,4871.23,2024-10-08
allison,gordon,overdue,2024-11-16,5945 mckinney dam suite 563,apt. 371,west veronicatown,gb,new jersey,70965,19761753144,williamduke@price.biz,usd,5.17,7.25,3474.23,2023-03-11
courtney,garcia,overdue,2024-11-17,0203 yang curve,apt. 857,reedport,by,oklahoma,6709,17629920892,tbarnes@hotmail.com,usd,17.25,7.25,442.71,2023-06-01
daniel,garcia,pending,2024-12-18,037 robinson forks,suite 720,gilmoreburgh,cf,connecticut,76863,14600336849,matthewcook@matthews-smith.com,usd,10.23,7.25,2503.78,2024-01-04
nancy,gray,pending,2024-12-20,556 sparks trace,apt. 965,lake george,il,oregon,584,18861798728,bradleysarah@gmail.com,usd,19.6,7.25,1489.62,2024-05-01
samantha,hill,pending,2024-12-26,09822 shannon fall,suite 099,mosleyfort,pg,kansas,47548,12813778751,kenneth09@hotmail.com,usd,15.7,7.25,1377.3,2024-03-07
patricia,miller,pending,2024-12-29,9819 bailey crescent,apt. 214,new charlestown,mv,louisiana,43484,19573341795,cmartinez@willis.org,usd,15.6,7.25,1210.66,2023-10-23
charles,galloway,overdue,2024-11-28,0092 zhang inlet apt. 524,apt. 684,east patrickbury,ad,maryland,66491,11158823878,dorothy16@hotmail.com,usd,11.83,7.25,1201.51,2023-09-10
margaret,woods,overdue,2024-11-25,1286 harrison center suite 154,suite 438,west douglas,zm,illinois,10593,17743317806,imarshall@miller.com,usd,7.23,7.25,4176.85,2023-09-07
caroline,coleman,pending,2024-12-20,682 tracey divide,apt. 366,robersonton,hu,idaho,45407,14819635218,svasquez@sutton.com,usd,25.19,7.25,809.4,2023-08-22
dennis,adams,overdue,2024-12-04,10660 smith mills apt. 293,apt. 034,timothyside,st,nebraska,39314,12757009064,ncaldwell@cole.com,usd,29.72,7.25,3248.29,2024-02-23
richard,johnston,overdue,2024-11-12,2302 bond rapids suite 652,suite 981,north sethbury,rw,ohio,30974,16403968575,jmoore@yahoo.com,usd,7.26,7.25,1734.36,2023-05-18
jenny,solomon,pending,2024-12-24,420 castaneda rapid suite 372,apt. 339,daniellestad,km,indiana,96891,13491381088,vmiller@mejia.com,usd,17.5,7.25,994.75,2024-03-25
lori,ryan,overdue,2024-11-23,248 nicholas oval suite 315,suite 226,new matthewhaven,in,minnesota,73927,13359550035,laurayoung@velez.com,usd,24.07,7.25,4493.7,2024-03-09
kathleen,bennett,overdue,2024-11-25,430 jasmine camp,apt. 321,east tina,zm,west virginia,21330,13511497254,vwilliams@bruce.com,usd,11.31,7.25,3413.14,2023-10-09
jenny,chavez,overdue,2024-11-17,3615 vega hills,suite 889,new alexanderton,cd,wyoming,62072,18532726746,christopherlewis@mccarty-cooper.com,usd,13.11,7.25,4085.72,2024-01-10
alexis,bowen,overdue,2024-11-01,705 catherine field apt. 466,suite 155,ebonyfurt,gb,new jersey,96240,18828557890,hcunningham@palmer-aguilar.com,usd,23.27,7.25,2999.54,2024-08-06
mark,cole,overdue,2024-11-23,339 katherine oval,suite 357,woodsmouth,mc,pennsylvania,52104,12349163563,benitezjoseph@walker.com,usd,23.35,7.25,2756.15,2024-05-12
lynn,fields,pending,2024-12-25,40645 barry ramp suite 008,apt. 599,east danielmouth,cl,alaska,5290,16015392632,yreese@hotmail.com,usd,23.36,7.25,1316.14,2024-09-08
david,miller,overdue,2024-12-04,702 thomas coves,suite 633,hollowayside,de,louisiana,74802,11009969426,tbush@powell.com,usd,27.4,7.25,3830.55,2024-05-10
mitchell,taylor,pending,2024-12-05,1407 katrina camp,apt. 617,west douglas,at,wisconsin,76433,13260867545,richardriley@gonzalez.biz,usd,15.27,7.25,764.2,2024-11-02
makayla,lee,pending,2024-12-23,46547 henry fords,suite 198,ruizhaven,zm,texas,68793,16786224053,casejerome@riddle-lopez.com,usd,16.89,7.25,4952.89,2023-09-27
matthew,miller,overdue,2024-12-01,4433 christina stream,apt. 811,bushshire,kr,new mexico,85670,15137660171,devinwhite@jackson.biz,usd,16.99,7.25,3568.84,2023-08-19
martin,liu,overdue,2024-11-19,824 linda circles,apt. 759,latoyashire,gq,delaware,82821,14248189541,petersonamy@gmail.com,usd,29.14,7.25,3919.44,2024-05-15
richard,pearson,pending,2024-12-24,447 christine haven,suite 217,jessicaton,is,idaho,36824,13645693541,brewerdaniel@yahoo.com,usd,8.04,7.25,4002.55,2024-08-26
terrance,reeves,overdue,2024-11-07,9445 alexander village apt. 250,suite 875,loriview,es,california,79181,12605806886,linda66@sanders-hess.org,usd,16.37,7.25,3562.17,2024-05-03
john,wells,overdue,2024-11-04,632 wendy walks suite 207,apt. 552,aliciatown,ge,new york,27068,14080541720,tprice@cooper-scott.com,usd,26.15,7.25,4564.11,2023-10-21
angela,robinson,pending,2024-12-11,953 watson groves,suite 587,east williamberg,kr,iowa,64643,12882357098,wardvalerie@hotmail.com,usd,20.5,7.25,1373.01,2024-09-19
dalton,bailey,overdue,2024-11-06,347 palmer key,apt. 280,port andrea,ke,mississippi,20400,13736465806,karen28@hughes-morris.com,usd,19.33,7.25,595.35,2023-07-12
kayla,griffin,overdue,2024-11-07,898 perkins lock,apt. 794,churchchester,ir,kansas,25590,15716401089,woodsheidi@yahoo.com,usd,16.85,7.25,4301.63,2024-10-11
jonathan,johnson,overdue,2024-11-12,32994 wendy walks,apt. 202,port tamaramouth,sl,maine,98078,12124287591,rwebb@evans.com,usd,11.65,7.25,3981.23,2023-11-27
gregory,meyer,pending,2024-12-28,5267 rebecca vista,suite 923,torresport,th,connecticut,30044,17004305169,christopher70@yahoo.com,usd,17.89,7.25,784.57,2023-09-01
lauren,perkins,pending,2024-12-11,4386 nicole walk suite 108,suite 818,new david,mt,south dakota,94290,16044170040,holly51@stone-simon.net,usd,8.1,7.25,3735.48,2024-01-16
timothy,hernandez,overdue,2024-11-18,4709 davis roads,suite 071,north sabrina,pl,new jersey,84835,16447092394,bobwatkins@gmail.com,usd,12.85,7.25,1826.54,2023-04-12
laura,duncan,overdue,2024-12-04,20849 rice mountains apt. 712,suite 569,new john,ar,rhode island,53663,15900042801,toddsmith@hudson-olson.com,usd,24.88,7.25,3950.11,2023-04-12
angela,young,overdue,2024-11-23,207 elizabeth mission,suite 212,jerryville,ug,kentucky,35026,15024738657,mcdonaldvictor@leonard.com,usd,14.43,7.25,1432.56,2024-03-11
jessica,garcia,overdue,2024-11-17,50756 underwood ramp suite 219,suite 528,lake kimberly,lk,new mexico,31166,16078376448,barrysanchez@hotmail.com,usd,24.9,7.25,1923.71,2023-01-12
peter,lee,pending,2024-12-09,417 porter grove,apt. 448,alexanderhaven,de,missouri,99433,17337032447,kendra00@yahoo.com,usd,25.66,7.25,588.68,2023-10-21
micheal,avery,overdue,2024-11-21,06767 christopher creek apt. 116,suite 418,south barbaraburgh,sd,california,87993,13267176089,nguyenjames@reeves.biz,usd,10.54,7.25,1201.76,2024-02-17
james,chavez,pending,2024-12-13,18479 jacobs locks,apt. 894,new tylermouth,nr,delaware,67716,16494270316,kellyhines@rodriguez.com,usd,9.44,7.25,1487.53,2024-07-09
sarah,howard,overdue,2024-11-11,79952 austin turnpike,apt. 330,west dianemouth,fr,colorado,95263,14423305501,josephoconnell@yahoo.com,usd,25.29,7.25,3994.79,2024-03-01
amanda,juarez,overdue,2024-11-27,98452 bobby ferry suite 527,apt. 251,georgeland,bo,idaho,17126,13555810930,smithdavid@yahoo.com,usd,11.54,7.25,3026.15,2023-01-14
steven,martinez,pending,2024-12-26,88891 richard squares,suite 570,south donna,gw,pennsylvania,35250,16519868516,williamsontasha@yahoo.com,usd,11.34,7.25,1491.85,2024-03-07
denise,ashley,overdue,2024-11-23,157 huff meadow apt. 743,suite 046,jessicatown,uy,utah,18622,18569263702,mvasquez@walker-yoder.com,usd,26.43,7.25,3461.58,2024-04-21
rebecca,smith,overdue,2024-11-16,5224 gary islands,apt. 088,lake michelle,ng,oregon,51362,17807368532,iboone@hotmail.com,usd,9.8,7.25,1590.48,2024-09-05
mary,hart,pending,2024-12-10,41197 ortiz lodge,suite 558,east robertton,cn,new hampshire,94997,18559736617,bfischer@yahoo.com,usd,24.44,7.25,2184.25,2024-06-23
anthony,phillips,pending,2024-12-16,28148 brandi lights,apt. 666,south katrina,to,hawaii,55248,12654908286,aatkins@reyes-moore.info,usd,5.65,7.25,452.08,2023-05-04
tyler,davis,pending,2024-12-15,125 jennifer summit suite 008,apt. 411,south stephanieborough,tj,louisiana,94740,11887726963,briangarcia@gmail.com,usd,21.91,7.25,3845.8,2023-11-10
andre,lang,overdue,2024-11-05,03634 boone inlet suite 618,suite 389,south pamelaton,pk,mississippi,872,11994670683,karenpalmer@hernandez.net,usd,21.72,7.25,1821.68,2024-11-21
steven,woods,pending,2024-12-26,90540 vanessa key,suite 670,south destiny,sv,nebraska,65518,14775217427,norma86@davidson.com,usd,9.99,7.25,3688.45,2023-08-09
alexandra,houston,overdue,2024-11-17,495 lisa street apt. 738,suite 334,lake barbara,bg,massachusetts,84077,15304940545,westchristopher@yahoo.com,usd,27.43,7.25,2018.17,2023-11-18
lori,evans,overdue,2024-11-14,204 bryce heights apt. 919,apt. 923,lake davidview,lc,south dakota,75595,12086921375,ericjackson@yahoo.com,usd,22.4,7.25,2765.32,2024-09-13
priscilla,vazquez,pending,2024-12-11,053 kyle gardens,apt. 260,east kathy,ba,georgia,4721,17360819550,jesse95@hotmail.com,usd,22.44,7.25,937.54,2023-12-13
morgan,martinez,overdue,2024-11-13,3854 perez forge,suite 233,brandiborough,sv,colorado,90318,12959192220,brian21@yahoo.com,usd,25.43,7.25,4100.15,2023-09-03
ryan,jordan,overdue,2024-11-12,5804 brown views apt. 962,apt. 749,port jameston,ee,connecticut,86045,11209914576,kathryn66@medina-johnson.info,usd,11.2,7.25,1315.47,2024-09-07
elizabeth,collins,overdue,2024-11-15,86357 barron lodge,apt. 272,lake jonathan,mn,texas,25605,15756764624,nguyenscott@hotmail.com,usd,25.19,7.25,2403.49,2023-10-07
timothy,bauer,overdue,2024-11-15,56660 caroline ramp,suite 996,ruthmouth,mt,delaware,45209,16323452066,jaynewman@hotmail.com,usd,23.66,7.25,2154.82,2024-03-13
steven,ross,overdue,2024-11-14,5789 pacheco ferry apt. 504,apt. 281,east darrellchester,rw,north dakota,44361,19915695551,jacobslaura@yahoo.com,usd,8.57,7.25,4425.62,2023-10-26
laurie,delgado,overdue,2024-11-09,835 jessica village apt. 326,suite 344,east ryanhaven,dz,north carolina,29174,11130982744,brandonflores@walker-fisher.net,usd,22.4,7.25,3738.77,2023-07-27
lindsey,hess,overdue,2024-11-05,5466 vang tunnel,suite 311,helenfurt,sn,massachusetts,53155,17315485967,annramirez@gmail.com,usd,29.02,7.25,1515.15,2024-02-15
paul,lang,overdue,2024-11-28,3839 jacob summit apt. 711,suite 584,east sergioland,am,washington,84071,15664105821,ujohnson@hotmail.com,usd,20.6,7.25,2229.86,2024-03-04
christopher,davis,overdue,2024-11-17,203 howard heights,suite 004,walkerton,ru,texas,31432,16350588813,whitewendy@hotmail.com,usd,23.93,7.25,3325.01,2023-01-25
samuel,turner,pending,2024-12-30,316 crystal brooks suite 597,suite 628,north gwendolyn,ro,washington,69891,18621188359,wjohnson@gmail.com,usd,22.97,7.25,1358.35,2024-04-23
stephen,green,overdue,2024-11-15,7562 hall flat apt. 270,apt. 927,walterschester,bz,new york,6162,18312107403,qmarshall@lopez-davis.com,usd,6.83,7.25,3922.09,2024-04-07
harold,johnson,overdue,2024-11-28,1557 gonzales station,suite 907,east angela,se,oklahoma,81133,12369185094,joanneshepard@bass.biz,usd,5.86,7.25,1347.11,2023-10-21
joseph,brown,pending,2024-12-31,052 tonya fords,suite 488,lake christine,bn,west virginia,99654,11311860918,lynn26@swanson.biz,usd,28.38,7.25,1738.32,2023-08-23
lee,wilson,pending,2024-12-29,20801 smith points suite 620,suite 253,south cynthiaville,cr,texas,37191,15334804996,natashamiller@gmail.com,usd,29.52,7.25,2505.98,2023-11-17
steven,murphy,overdue,2024-12-04,57303 robinson ramp,suite 098,steelestad,mn,oregon,70541,18812084803,zrobbins@larson-burton.net,usd,7.37,7.25,4180.78,2024-04-15
mitchell,franco,overdue,2024-11-14,0351 mosley ville apt. 046,suite 074,new devin,de,washington,24517,18551739092,lschwartz@gmail.com,usd,11.77,7.25,3420.32,2024-01-29
alexandria,norton,overdue,2024-11-22,5688 cynthia lodge,suite 920,moorehaven,il,new mexico,23738,13728860542,ecombs@yahoo.com,usd,16.69,7.25,724.61,2024-02-09
kenneth,lopez,overdue,2024-11-28,301 jamie pines,apt. 487,new josephmouth,se,utah,77301,14712491950,matthew25@mills.org,usd,22.44,7.25,337.22,2024-07-13
edward,hardy,overdue,2024-11-01,81614 james canyon,apt. 215,south alexander,mr,new york,40099,12986308912,smithjoshua@phillips.net,usd,13.09,7.25,2777.85,2023-04-04
joseph,rios,pending,2024-12-30,89102 amanda unions,apt. 446,ethanbury,dm,rhode island,55452,18845797781,nicholas29@parker.org,usd,11.89,7.25,1943.76,2023-11-09
brian,wheeler,overdue,2024-11-05,97644 harmon prairie apt. 474,suite 214,ronaldchester,es,arkansas,85909,13451581922,ivanlittle@henderson-clayton.com,usd,10.98,7.25,2772.96,2024-05-25
christopher,kennedy,pending,2024-12-25,836 martin orchard apt. 336,suite 565,timothyborough,st,california,93713,14091853963,kgutierrez@martin-davis.com,usd,14.88,7.25,2486.35,2024-10-28
keith,love,overdue,2024-11-14,8659 woodward field suite 385,suite 287,south vanessa,gr,new york,54738,19392641273,kellermichael@evans.info,usd,13.01,7.25,2272.22,2023-02-27
john,rodriguez,pending,2024-12-25,93366 massey freeway,apt. 715,west daniel,sa,montana,68193,15557842452,rnoble@hotmail.com,usd,14.33,7.25,4036.59,2024-05-07
shane,sheppard,pending,2024-12-17,2869 kimberly greens suite 528,suite 123,johnland,ch,louisiana,51820,15219829862,wallaceamanda@gmail.com,usd,27.26,7.25,2987.08,2024-08-20
phillip,nunez,overdue,2024-11-06,06016 schultz union apt. 306,apt. 736,greggberg,ba,south dakota,97141,17727078003,xwilliamson@johnson.net,usd,7.26,7.25,3703.46,2023-06-14
matthew,cooper,overdue,2024-11-17,1681 steven trail suite 748,apt. 376,danielbury,vn,nevada,44312,14845296045,sydney96@hotmail.com,usd,12.86,7.25,2591.61,2023-04-21
katie,adams,overdue,2024-12-02,8053 dennis island apt. 604,apt. 884,mcdonaldside,cg,arkansas,77444,12454812572,dsmith@hotmail.com,usd,22.69,7.25,326.98,2023-10-08
victoria,schroeder,pending,2024-12-31,8610 harris lock,apt. 566,jeanport,ki,mississippi,77040,17156367236,melissaoliver@yahoo.com,usd,11.57,7.25,1035.62,2023-02-22
john,powell,overdue,2024-11-28,666 boyd viaduct,suite 615,fredhaven,ee,west virginia,21511,16168655321,yleon@gmail.com,usd,10.1,7.25,4214.91,2023-10-31
melissa,barnett,overdue,2024-11-08,105 antonio avenue,apt. 676,new abigail,unknown,utah,83385,15031680021,elizabethdixon@short.com,usd,29.04,7.25,1272.53,2024-01-15
william,white,pending,2024-12-27,230 joshua loaf,suite 710,south eric,am,west virginia,70054,17344618796,randyfarmer@gmail.com,usd,29.94,7.25,4474.54,2023-04-11
manuel,singleton,overdue,2024-11-21,35335 kelly hollow,apt. 934,leonardfurt,jo,rhode island,43541,17591191423,jvasquez@yahoo.com,usd,19.72,7.25,922.38,2024-08-16
linda,simmons,pending,2024-12-16,915 nelson forge,suite 006,south mackenzie,md,new hampshire,91686,18526130896,mary08@juarez-gomez.info,usd,5.72,7.25,4005.16,2024-10-13
steven,white,pending,2024-12-19,47439 molina brook suite 926,apt. 691,kimberlyview,ba,indiana,92399,12113666277,mmartinez@gmail.com,usd,24.13,7.25,2760.69,2024-03-12
holly,davila,pending,2024-12-15,084 knox prairie,apt. 727,new maria,cd,new york,60434,19601688255,riverakaren@yahoo.com,usd,12.81,7.25,468.46,2023-01-02
tammy,smith,pending,2024-12-06,94781 john common apt. 267,apt. 132,port shelby,dk,texas,11615,15532646348,torresbrent@miller.com,usd,25.34,7.25,4864.21,2024-06-29
matthew,stewart,pending,2024-12-09,04887 rivera ways,suite 624,melissaborough,cm,maryland,13022,13691460670,zobrien@stephens-jackson.com,usd,28.91,7.25,3494.96,2024-05-20
eric,williams,pending,2024-12-26,4491 eric village apt. 452,suite 943,east rachel,ci,south carolina,33263,19170854081,richard93@gmail.com,usd,13.89,7.25,3012.38,2024-10-08
david,schneider,pending,2024-12-19,573 natalie spring,suite 492,north vanessa,cz,texas,99224,18841659604,zacharygray@yahoo.com,usd,8.0,7.25,456.86,2024-03-29
nicholas,mejia,pending,2024-12-25,36161 michelle courts suite 372,apt. 246,jeremyberg,al,massachusetts,76012,19204355787,craig68@gmail.com,usd,9.22,7.25,1048.17,2023-06-29
james,howard,pending,2024-12-12,6216 joseph circle apt. 773,apt. 828,north caleb,np,florida,49674,12111213451,jellis@gmail.com,usd,22.22,7.25,2445.23,2024-06-30
anthony,cardenas,pending,2024-12-12,66970 patricia ville,apt. 383,gonzalezfort,nr,nebraska,66042,12045503505,michaelbrewer@yahoo.com,usd,8.3,7.25,4217.33,2023-08-31
anne,cruz,overdue,2024-11-20,0134 andrew tunnel suite 663,suite 665,nicolebury,bf,georgia,87803,15085405672,joshua11@brown.com,usd,29.9,7.25,831.78,2024-06-12
jeffrey,henderson,pending,2024-12-05,1450 molina mountains apt. 474,apt. 492,east douglasshire,gn,montana,56424,17456853988,veronica25@yahoo.com,usd,25.43,7.25,237.8,2023-11-15
ryan,jones,overdue,2024-11-23,66470 taylor burgs,apt. 238,north elizabeth,nr,new york,23799,12138095462,weisslucas@harmon-west.net,usd,22.07,7.25,363.89,2024-04-21
xavier,sutton,overdue,2024-11-22,87303 jacobs freeway suite 317,apt. 477,north carolynview,gd,north dakota,77088,18215202945,angelicapope@gmail.com,usd,18.6,7.25,1846.84,2024-01-23
emily,chambers,pending,2024-12-09,733 sara burgs apt. 115,suite 511,kyleview,zw,arizona,38307,15627219748,johnsonlori@hotmail.com,usd,12.16,7.25,2303.81,2024-09-06
dawn,hammond,overdue,2024-11-27,01112 jose estate apt. 792,apt. 967,johnfort,uy,wyoming,33102,16772465069,halledward@yahoo.com,usd,15.05,7.25,4338.79,2023-04-07
kayla,frey,overdue,2024-11-19,798 lauren ridges,apt. 894,roberttown,jm,west virginia,6374,18715853242,fuenteswhitney@cook.com,usd,15.01,7.25,2897.79,2023-04-25
tonya,watson,overdue,2024-11-24,01427 walker well,suite 616,jacksonberg,nz,wyoming,37536,19659912450,vkelley@yahoo.com,usd,12.13,7.25,1105.55,2023-01-24
lauren,gilmore,pending,2024-12-14,4142 william extension,suite 271,north jamiefurt,mk,california,64878,17707255148,james86@west-lowery.org,usd,9.04,7.25,4928.97,2024-11-19
jonathon,smith,overdue,2024-11-01,27502 gibson plains,apt. 801,bishopbury,ph,hawaii,93739,13549542031,tracy49@smith-harris.com,usd,18.51,7.25,4836.78,2023-07-04
kevin,rowland,overdue,2024-11-13,81987 harvey point apt. 301,apt. 154,north pam,bi,hawaii,18885,16454102532,richard96@gmail.com,usd,16.16,7.25,4599.66,2024-09-29
diana,massey,pending,2024-12-19,297 david park suite 120,apt. 000,clarkhaven,no,south carolina,56933,14507181958,ismith@benjamin.info,usd,21.02,7.25,3070.54,2024-03-13
dennis,hull,pending,2024-12-16,64147 jackson viaduct,apt. 523,east david,nl,arkansas,14559,12263230032,woodrichard@gmail.com,usd,21.3,7.25,4856.76,2023-10-24
amanda,williams,pending,2024-12-20,250 pamela mills apt. 121,suite 114,christopherbury,bh,tennessee,70492,17110710183,riverajared@hill.com,usd,18.31,7.25,432.32,2024-03-22
william,martinez,overdue,2024-11-06,46982 bryant mill,suite 962,east robertmouth,so,south carolina,39235,13872073189,lgarcia@hotmail.com,usd,5.56,7.25,4360.36,2024-09-08
jennifer,hayes,overdue,2024-12-03,01130 john viaduct,apt. 854,new barbaratown,ga,washington,78095,18252121633,clopez@gmail.com,usd,20.99,7.25,1701.38,2024-07-15
betty,williams,overdue,2024-11-06,469 albert course,suite 910,new jameston,td,montana,67367,13482783876,robert03@yahoo.com,usd,22.87,7.25,1550.8,2024-05-30
elizabeth,wells,pending,2024-12-22,649 webb trace apt. 018,apt. 969,east john,mc,new hampshire,31992,18376391097,cynthia12@price.info,usd,5.14,7.25,1390.09,2023-02-01
charles,leonard,overdue,2024-11-07,5488 jamie lane,apt. 320,new alicia,ua,maryland,97581,17515560849,tyoung@evans.org,usd,10.18,7.25,2359.68,2023-09-08
jordan,curtis,overdue,2024-12-02,19622 lang village,apt. 048,waltermouth,vn,alabama,88825,12197371811,rebecca44@jones.com,usd,11.36,7.25,2819.4,2023-06-21
karen,phillips,overdue,2024-11-16,048 christopher burgs apt. 462,apt. 973,murrayton,bz,minnesota,22320,14956273998,jennifer51@campos-dillon.info,usd,12.05,7.25,1779.63,2023-12-23
abigail,jordan,overdue,2024-12-03,913 william tunnel,suite 263,port samanthachester,mh,louisiana,29738,16900473925,bellgabriel@fleming.biz,usd,13.32,7.25,4044.99,2023-09-12
daniel,davis,pending,2024-12-18,1564 tucker tunnel apt. 625,suite 552,east scott,sr,minnesota,51653,19631710368,rachelhernandez@farmer.com,usd,9.62,7.25,1297.85,2024-06-05
todd,bowen,pending,2024-12-05,95770 martin streets,apt. 950,north jennifer,se,new mexico,63333,17067728072,timothy87@stanley.com,usd,28.23,7.25,4744.24,2024-07-01
megan,sanchez,pending,2024-12-30,616 catherine brooks suite 028,apt. 513,south andrea,no,florida,84720,14694401055,ralph64@hotmail.com,usd,26.26,7.25,2931.53,2024-07-19
joseph,austin,pending,2024-12-21,72664 rhodes dale,suite 860,north erica,vc,south dakota,28342,12438547729,jessicagomez@escobar.info,usd,16.49,7.25,581.7,2023-10-17
adrian,cook,overdue,2024-11-09,68837 kimberly station apt. 018,apt. 001,east ethanfort,fr,kentucky,49707,17357382659,carla71@sanchez.info,usd,10.82,7.25,4200.86,2024-01-17
kimberly,peters,overdue,2024-11-01,91446 whitney court apt. 580,apt. 852,peckburgh,kn,rhode island,58658,11447479989,brady82@baker.com,usd,5.18,7.25,3485.74,2024-11-04
charles,brown,pending,2024-12-17,7345 carpenter dale suite 664,apt. 867,west scott,se,minnesota,57249,16324861695,hollandjacob@hotmail.com,usd,6.23,7.25,2876.97,2023-09-06
teresa,gordon,overdue,2024-11-09,4881 brady junction,apt. 296,west garrett,hu,alabama,41237,13648705270,debra07@gmail.com,usd,21.8,7.25,3979.01,2024-09-02
april,thompson,overdue,2024-11-09,2262 james forges apt. 522,suite 836,east larry,kr,wyoming,98045,11786279107,qcarr@yahoo.com,usd,7.41,7.25,142.26,2024-10-13
jeffrey,mullins,pending,2024-12-21,094 hall village,suite 868,summersfort,vn,alaska,45643,18246918318,audreydavis@reyes-barnes.com,usd,5.45,7.25,253.1,2024-05-12
patrick,hernandez,pending,2024-12-24,829 lori island,suite 897,south williamland,gy,ohio,48022,17447806673,julie45@kent.com,usd,26.46,7.25,2029.03,2024-11-30
andrew,sellers,overdue,2024-11-16,33648 foley hollow,suite 579,north josephland,cg,kansas,37973,17424657401,moraleskerri@miller.com,usd,24.03,7.25,2970.59,2024-05-08
jerome,blake,overdue,2024-11-14,255 peter ports apt. 932,suite 347,danielville,tg,north dakota,61602,12126690166,rittersteven@hotmail.com,usd,22.6,7.25,3890.64,2023-02-06
victor,wyatt,overdue,2024-11-10,271 john forges apt. 359,apt. 334,west trevor,fj,alaska,71195,19076088800,andraderobert@calderon.com,usd,23.38,7.25,3138.63,2023-11-13
willie,mooney,pending,2024-12-27,800 ashley hill,apt. 177,east claudia,cz,indiana,91942,19238167537,april78@ponce.org,usd,6.82,7.25,3522.45,2023-01-09
linda,west,overdue,2024-11-07,9829 adam forks suite 230,suite 004,lake victoriaburgh,pl,delaware,52219,12975940006,allisoneric@yahoo.com,usd,18.61,7.25,2539.44,2023-03-06
scott,barrett,pending,2024-12-28,03144 jacqueline bypass apt. 790,apt. 874,matthewberg,hr,nevada,21916,11689154367,joseph44@hotmail.com,usd,22.27,7.25,2890.51,2024-10-02
maureen,austin,overdue,2024-11-04,19803 brian pike,apt. 890,judithfurt,ie,delaware,70850,15743297111,jimmy90@gmail.com,usd,28.88,7.25,328.07,2023-11-02
travis,harrington,pending,2024-12-12,39147 wilson oval,suite 734,south brandon,mm,arizona,22091,11027491372,carterlauren@yahoo.com,usd,11.91,7.25,1138.1,2023-02-12
lauren,williams,overdue,2024-11-24,88804 kelly brook suite 876,suite 660,lake steven,id,minnesota,74473,19188844543,plewis@nelson-gonzalez.info,usd,26.28,7.25,2267.96,2024-08-07
sandra,pace,overdue,2024-11-02,17175 tucker spurs apt. 461,suite 761,new marystad,cz,south dakota,50750,17652604221,thompsonkelly@kelly.com,usd,26.32,7.25,4227.86,2024-04-17
elizabeth,shaw,overdue,2024-11-28,2739 wilson pines apt. 570,apt. 925,ryanville,py,tennessee,33564,11744228643,andersondavid@yahoo.com,usd,8.11,7.25,2951.05,2024-03-13
louis,williams,pending,2024-12-27,27688 smith pines,apt. 690,youngfort,bd,missouri,54395,15721249175,jennifer37@hotmail.com,usd,23.15,7.25,4072.7,2023-11-15
michael,sims,pending,2024-12-08,48113 katherine trace suite 208,apt. 758,west jack,cl,alaska,70176,13387945904,christine19@white.org,usd,11.55,7.25,3694.03,2023-01-13
denise,brady,overdue,2024-11-26,9441 elizabeth lodge suite 660,apt. 795,mendezview,lr,california,81102,14805953292,harringtonjennifer@aguilar.com,usd,11.93,7.25,1530.01,2024-08-06
matthew,flynn,pending,2024-12-06,501 flores crossing apt. 347,apt. 462,rosechester,gr,montana,62297,14838239461,brandihardin@gmail.com,usd,8.02,7.25,826.77,2023-12-20
mary,schaefer,overdue,2024-12-01,4317 eugene road apt. 821,apt. 208,bradleyland,dj,michigan,32084,13047564413,fpowell@mason-collier.com,usd,26.07,7.25,3786.47,2023-07-13
ryan,lin,overdue,2024-11-17,38996 lopez street,apt. 015,port alexandramouth,mw,maine,16814,19536793488,michaellewis@yahoo.com,usd,18.88,7.25,3000.46,2023-11-14
tiffany,brown,pending,2024-12-18,0745 bruce forest,apt. 746,east belinda,sy,maine,8092,12647239231,davisnancy@grant-perez.com,usd,6.25,7.25,2239.2,2023-07-31
christopher,cooper,overdue,2024-12-02,3259 kerry passage suite 990,apt. 691,trujillofort,la,minnesota,89663,15851861684,herrerajennifer@page.com,usd,14.54,7.25,912.38,2024-07-20
kimberly,brewer,overdue,2024-11-29,014 edwards pine apt. 581,suite 987,palmertown,cy,kansas,70519,14138742646,robinsonkatie@gmail.com,usd,6.36,7.25,1375.77,2023-12-24
cynthia,kelly,pending,2024-12-30,899 brianna well,apt. 681,north william,al,missouri,13430,17660319768,dmckinney@hotmail.com,usd,5.28,7.25,4793.42,2023-04-02
william,fowler,overdue,2024-12-04,511 erica underpass apt. 809,suite 078,new juan,ca,missouri,32417,15070855099,daniel51@perez.net,usd,13.73,7.25,3668.76,2023-04-21
ronald,estrada,pending,2024-12-17,83028 jeffrey trafficway,apt. 131,debraville,cd,oregon,59613,11321385655,samanthaperez@gmail.com,usd,17.27,7.25,376.68,2023-09-09
diamond,anderson,pending,2024-12-27,30174 wilcox garden suite 424,apt. 473,port katherineport,fj,north dakota,78882,14801510031,ccampos@sandoval-klein.com,usd,26.53,7.25,688.74,2023-01-06
reginald,cook,overdue,2024-11-26,262 austin meadow,suite 867,lake christopher,bn,oregon,48581,13457877524,lowerymichael@yahoo.com,usd,5.57,7.25,2058.77,2024-08-11
lisa,jones,overdue,2024-11-11,53863 lee corners,apt. 025,east walterchester,km,north dakota,82041,19377546457,michaelerickson@yahoo.com,usd,7.12,7.25,4500.59,2023-10-06
monica,king,pending,2024-12-21,35798 thomas ford apt. 358,apt. 476,jasonmouth,mc,new jersey,20208,16415735711,crystalhughes@hall.com,usd,14.58,7.25,1160.3,2024-03-09
kerry,ramirez,overdue,2024-11-23,236 cindy station,apt. 946,new wesleyland,lc,virginia,95484,13164806913,amy72@chapman.net,usd,23.77,7.25,3484.07,2024-02-13
richard,owens,pending,2024-12-18,551 susan center apt. 209,apt. 514,east william,ie,florida,64670,16105687563,lhess@hotmail.com,usd,5.59,7.25,762.57,2024-02-16
albert,mahoney,overdue,2024-11-16,712 shelby lakes,suite 891,miguelfurt,unknown,nevada,35039,19001925405,ohernandez@horton.com,usd,28.55,7.25,1210.91,2024-02-19
benjamin,adams,overdue,2024-11-02,88501 randall underpass suite 097,apt. 980,north erica,gr,new hampshire,6058,14513638764,reedjulian@yahoo.com,usd,25.03,7.25,591.44,2023-03-03
patricia,smith,overdue,2024-12-03,00347 sanchez tunnel apt. 244,apt. 776,lake megan,cg,kentucky,6886,16261080681,wsmith@campbell.com,usd,5.41,7.25,1875.9,2024-02-06
arthur,newman,pending,2024-12-25,96697 sarah mountains,apt. 432,fosterland,cy,south carolina,9257,11506374399,mitchellcolin@hotmail.com,usd,17.75,7.25,4668.96,2024-09-24
robert,lara,overdue,2024-11-15,0783 stone mountains,suite 373,lopezmouth,ec,idaho,89833,15396562274,mary92@hotmail.com,usd,10.2,7.25,3686.9,2024-08-07
katrina,pruitt,overdue,2024-11-24,6250 james underpass,apt. 631,west shaneberg,lr,nebraska,35628,11965624543,huntmatthew@hotmail.com,usd,10.83,7.25,3599.12,2024-11-14
cynthia,nichols,overdue,2024-11-17,7682 hunter inlet,apt. 190,east brianland,lk,vermont,82293,11763620464,ebonyandrews@gmail.com,usd,7.89,7.25,4950.14,2023-01-27
emily,browning,pending,2024-12-15,5248 taylor common,suite 412,marystad,cy,south carolina,90217,15369207957,michellepreston@yahoo.com,usd,15.95,7.25,845.54,2024-08-20
traci,carter,pending,2024-12-08,766 horne roads suite 757,apt. 155,armstrongbury,vu,massachusetts,32743,15577709175,pjohnson@mckay-larson.com,usd,25.37,7.25,3779.46,2024-07-29
stephanie,gonzales,pending,2024-12-17,1123 wall way,apt. 605,new christopherville,nr,new jersey,49189,17527195690,josephmckenzie@gmail.com,usd,12.47,7.25,504.91,2024-08-26
kevin,boyer,overdue,2024-11-30,853 melissa spurs,suite 326,new michaelchester,gw,mississippi,5489,12048384220,brendavalenzuela@butler-rivera.com,usd,15.13,7.25,2991.1,2024-04-04
jerome,hill,overdue,2024-11-13,546 miller brooks,suite 090,campbellmouth,tr,alabama,50936,15920025491,kimberlymontes@kramer.biz,usd,19.2,7.25,1348.12,2024-01-25
pamela,reed,pending,2024-12-26,411 patricia points suite 484,suite 946,hernandezfurt,do,texas,73297,12851004558,amygarcia@hotmail.com,usd,15.79,7.25,1242.79,2023-10-11
bobby,clarke,pending,2024-12-24,3823 castillo motorway,suite 826,hallbury,tl,hawaii,58937,16144069516,kmcbride@yahoo.com,usd,27.53,7.25,3334.21,2024-04-30
karen,harris,overdue,2024-11-24,616 mendoza knoll,apt. 949,bushside,lv,vermont,65438,15028945938,justinhernandez@gmail.com,usd,8.6,7.25,1074.96,2023-09-30
paul,rose,pending,2024-12-25,6941 christy stream,suite 988,lake teresaville,hr,idaho,51180,19757595436,joel59@yahoo.com,usd,9.11,7.25,2770.98,2024-06-21
stephen,morris,overdue,2024-11-04,01058 laura meadow,suite 465,wilsonshire,qa,wyoming,88681,11787792804,jenniferallen@wilson.com,usd,6.12,7.25,268.37,2023-08-29
carol,wright,pending,2024-12-17,814 vickie neck apt. 526,apt. 075,johnsonmouth,mm,california,15362,15478984562,sandra96@ruiz.com,usd,25.97,7.25,3422.63,2023-11-03
john,lee,pending,2024-12-20,3396 dawson forks suite 102,suite 289,kimberlyshire,tt,north dakota,16152,16678653868,rodneyrobertson@gmail.com,usd,13.93,7.25,2030.7,2024-09-29
daniel,foster,overdue,2024-12-04,612 smith mall suite 277,suite 143,aliciachester,bg,connecticut,66426,13757044977,perezsharon@bradshaw.com,usd,19.61,7.25,3037.48,2023-12-30
linda,holmes,overdue,2024-11-29,41383 dean circles apt. 528,apt. 546,port suzanneberg,bj,oklahoma,59667,16755908004,yjohnson@richards.com,usd,19.49,7.25,1744.76,2023-09-29
jean,hernandez,overdue,2024-11-27,2363 jimenez walk,suite 028,kevintown,ua,delaware,37328,11307578224,teresa88@hotmail.com,usd,13.38,7.25,4161.34,2024-01-24
troy,aguilar,pending,2024-12-28,22015 gillespie hollow suite 182,suite 616,cindychester,ru,north dakota,37318,14691439585,hopkinsjoseph@yahoo.com,usd,28.53,7.25,1031.79,2023-11-27
evan,martinez,pending,2024-12-26,7296 smith roads,suite 215,crystalstad,cy,rhode island,64004,15837250582,cheryl39@hotmail.com,usd,24.95,7.25,2123.16,2023-06-01
michael,murphy,overdue,2024-11-26,411 nicholas gateway apt. 032,apt. 692,north stephanie,ie,minnesota,27061,12455158137,danielsjoshua@harrison.info,usd,29.21,7.25,809.69,2024-05-28
barry,miller,overdue,2024-11-17,665 moreno stravenue,apt. 294,hollyville,kg,delaware,13369,11602465193,pamelabeck@hotmail.com,usd,26.72,7.25,4416.27,2024-07-28
breanna,leon,overdue,2024-11-15,08057 ryan mission suite 336,suite 762,south malloryfort,dm,florida,16083,12987104717,anichols@hotmail.com,usd,9.32,7.25,3241.74,2024-03-05
nicole,ingram,overdue,2024-11-13,8995 jennifer dam,suite 661,samanthaton,ba,massachusetts,53076,12343153717,gkelley@hotmail.com,usd,24.73,7.25,2020.72,2024-06-26
carol,rangel,overdue,2024-11-24,473 simmons prairie,suite 995,amberfurt,fr,new york,81304,13021356160,schmidtpaul@yahoo.com,usd,11.63,7.25,2771.62,2023-03-14
kristi,walsh,pending,2024-12-26,1496 spence summit apt. 575,suite 011,joshuastad,mr,california,91889,17422656832,bdelgado@wagner-cox.com,usd,8.94,7.25,3201.04,2024-10-01
briana,schmidt,overdue,2024-11-25,90954 lynn curve,apt. 736,maryport,si,nebraska,48294,11797856572,coxjennifer@jackson.org,usd,9.37,7.25,4485.94,2023-07-28
william,owens,overdue,2024-11-12,5979 johnson plain,suite 288,cassandraview,il,michigan,76971,15100703916,melissajames@jones-williams.net,usd,27.89,7.25,2469.97,2023-07-12
johnny,medina,pending,2024-12-06,983 torres keys apt. 614,apt. 996,north eddie,ch,alabama,35750,13254443039,michael71@ford.com,usd,16.89,7.25,1142.89,2023-07-13
mitchell,bass,pending,2024-12-26,478 amanda motorway,suite 962,yatesville,my,arkansas,7424,15685953477,alicebrooks@gmail.com,usd,24.73,7.25,394.22,2024-10-17
bradley,bell,overdue,2024-11-05,5049 ruiz forest,suite 242,debrabury,am,north dakota,50904,16158501879,lfranklin@yahoo.com,usd,18.0,7.25,3764.58,2023-10-20
christina,murphy,overdue,2024-11-01,52282 reid track suite 296,suite 383,north linda,ba,new mexico,95774,16475245403,nturner@hotmail.com,usd,25.72,7.25,3922.85,2023-03-29
samantha,woodward,pending,2024-12-30,1141 mitchell ferry,suite 558,lake steven,lk,virginia,86837,19238573855,amandaguerrero@yahoo.com,usd,6.08,7.25,3697.2,2023-06-20
amber,walters,pending,2024-12-23,360 jones port suite 676,suite 042,west mary,tm,georgia,61189,13828669495,hamiltongloria@bailey.net,usd,7.57,7.25,2825.56,2024-07-04
angelica,riggs,overdue,2024-11-13,0255 sheena village suite 267,suite 394,west christopherstad,mn,oklahoma,77764,12417792707,cassandrajones@allen-mcintosh.com,usd,17.46,7.25,1284.42,2024-11-03
john,pratt,pending,2024-12-10,702 elizabeth freeway apt. 888,suite 283,kelleyview,sz,illinois,33710,15669228192,katherineking@graham.biz,usd,21.7,7.25,1214.1,2024-02-18
carol,lee,pending,2024-12-06,903 steven valleys suite 943,suite 791,nathanielmouth,st,arizona,88849,15307440179,iwhitney@hotmail.com,usd,27.68,7.25,190.28,2023-06-17
deborah,pittman,pending,2024-12-06,13357 michael port apt. 956,suite 485,andersonview,pl,kansas,39874,18660035954,derekyang@gmail.com,usd,29.46,7.25,463.69,2024-01-19
kenneth,williams,overdue,2024-11-06,2330 peter harbor,apt. 475,new maryberg,tr,oregon,16762,19831954507,jerryfuller@miles.net,usd,19.38,7.25,1808.6,2024-05-13
joy,burton,overdue,2024-11-02,7157 pierce pines apt. 887,suite 340,welchchester,gy,north carolina,39426,14708014624,anthony11@murphy.biz,usd,5.36,7.25,124.1,2024-07-12
jessica,nelson,pending,2024-12-31,6297 ryan manors,apt. 415,laurafort,mc,minnesota,85745,16336874236,walterstony@elliott.com,usd,25.94,7.25,251.5,2023-02-16
nathaniel,miller,overdue,2024-11-06,080 jefferson light,apt. 823,lake corymouth,dj,north carolina,66490,14044124754,ianorozco@gmail.com,usd,28.38,7.25,4091.8,2023-04-19
cheryl,smith,pending,2024-12-14,17171 jackson isle,apt. 119,allisonville,fi,alaska,89084,16932931872,claytonjessica@armstrong-roy.com,usd,9.73,7.25,876.06,2023-06-10
shawn,martin,overdue,2024-11-21,064 ricky passage apt. 335,suite 308,perkinsshire,co,oklahoma,34641,13716162682,cstephens@yahoo.com,usd,21.36,7.25,1413.75,2024-05-06
brian,williams,overdue,2024-11-17,67235 tracy ridge apt. 517,suite 944,lake shelly,cn,maryland,80690,13674599411,candice54@yahoo.com,usd,23.92,7.25,4262.4,2023-08-29
angela,griffin,overdue,2024-11-19,55188 daniel crest apt. 230,suite 418,north richard,ye,oregon,90406,11778848386,tbennett@gmail.com,usd,16.95,7.25,1188.94,2024-11-11
jessica,friedman,pending,2024-12-18,575 wayne spur,apt. 150,lake paula,cl,indiana,10557,12121818110,sandovaldonna@watkins.org,usd,13.56,7.25,211.1,2023-06-13
dennis,torres,overdue,2024-11-27,1474 janet roads,apt. 509,adamland,kn,massachusetts,87862,18105969935,kevinrichard@bowers.com,usd,7.79,7.25,1478.96,2023-04-22
kathleen,hall,pending,2024-12-12,660 ronald falls apt. 084,suite 208,jasonfurt,pg,vermont,38330,16807055758,pricetheresa@gonzales.com,usd,9.23,7.25,237.62,2023-08-04
michael,barber,overdue,2024-11-30,927 judy mission,suite 049,adrianatown,tz,utah,50468,12806917001,johnnyshepherd@taylor-norris.biz,usd,6.16,7.25,714.65,2023-12-25
sarah,richardson,overdue,2024-11-07,27625 bowman mission apt. 040,suite 460,hamiltonton,uy,missouri,24059,17200467562,psimon@thompson.com,usd,28.18,7.25,726.64,2024-03-24
patrick,scott,overdue,2024-11-19,43637 johnson key suite 584,apt. 798,hendersontown,ve,mississippi,85875,14221941829,pproctor@carroll.com,usd,16.01,7.25,4734.2,2024-06-02
deborah,garner,overdue,2024-11-27,693 maldonado fall,suite 813,glovermouth,my,iowa,58832,16448573517,meagan99@casey-williams.info,usd,26.72,7.25,1669.3,2023-03-26
edward,herrera,pending,2024-12-30,8376 garcia well,apt. 772,east lisa,mx,north carolina,29662,13725253821,mserrano@yahoo.com,usd,24.69,7.25,1639.16,2023-12-13
vanessa,mitchell,pending,2024-12-22,160 wilkins fall apt. 706,suite 978,north brandon,bs,wyoming,61452,13643973422,ojacobson@reynolds.net,usd,10.73,7.25,1700.43,2024-06-06
thomas,waters,overdue,2024-11-19,995 king freeway,apt. 734,south vanessa,kn,texas,44485,15879053724,mark39@hotmail.com,usd,27.49,7.25,3680.25,2023-10-22
amanda,meyers,overdue,2024-11-17,8771 davis neck,suite 260,west kevin,sc,arkansas,79119,16073200622,carolsantiago@farrell-thompson.net,usd,27.31,7.25,3262.04,2024-11-19
vincent,sanchez,overdue,2024-11-24,1687 ferguson village,suite 755,steventown,me,arkansas,99408,11165186982,xcollins@lee.info,usd,22.74,7.25,350.75,2023-07-23
kelly,nelson,overdue,2024-11-18,28846 navarro light suite 877,apt. 421,lauriehaven,sy,louisiana,69604,16622725386,gregorymills@hotmail.com,usd,11.6,7.25,3347.59,2024-04-02
rebecca,moore,overdue,2024-11-30,29709 porter coves,apt. 993,north edwardbury,ee,florida,36031,15666981263,bscott@duran.biz,usd,9.76,7.25,2773.65,2023-03-01
cynthia,hendrix,pending,2024-12-14,33120 richardson villages suite 637,suite 200,west matthew,in,nevada,6788,19053844292,nelsonlaurie@miller.com,usd,12.74,7.25,2559.74,2023-05-31
morgan,holland,pending,2024-12-08,9992 martin village,suite 456,west jessicaville,uz,nevada,63179,11348391849,ashley39@hotmail.com,usd,25.87,7.25,3263.41,2023-04-09
lauren,craig,overdue,2024-11-27,367 hernandez throughway,apt. 036,port robert,sr,virginia,55338,19117469959,thomassantiago@hotmail.com,usd,15.97,7.25,3152.07,2023-07-14
margaret,brown,pending,2024-12-10,9916 gina alley,apt. 558,north daniel,gw,pennsylvania,19803,15275587995,victoria14@hotmail.com,usd,5.26,7.25,2754.01,2024-02-20
barbara,marquez,overdue,2024-11-09,13784 smith garden,apt. 738,port leslieville,am,illinois,76941,14013064727,allison10@hunter.com,usd,5.31,7.25,179.39,2023-09-06
steven,johnson,overdue,2024-11-03,41549 benjamin course apt. 758,suite 508,north rachelstad,va,ohio,80544,15924330114,jensendouglas@hotmail.com,usd,22.41,7.25,942.15,2024-10-14
andrew,arnold,pending,2024-12-10,99878 vincent tunnel apt. 824,suite 801,west james,gb,new hampshire,86390,18549838830,dmyers@gmail.com,usd,9.42,7.25,2814.66,2023-11-13
danielle,fernandez,pending,2024-12-22,18096 sparks views,apt. 505,taylorchester,me,alaska,40428,15100234148,vincentmoran@gmail.com,usd,20.93,7.25,530.28,2024-03-16
holly,garcia,pending,2024-12-27,181 perry valleys suite 508,suite 590,webbland,ie,north dakota,76564,18146634649,joshuacollins@campbell-bowman.net,usd,20.03,7.25,3744.69,2024-06-08
crystal,brooks,overdue,2024-11-04,347 william prairie suite 041,apt. 250,scottville,az,california,57713,15418493755,anthonymejia@yahoo.com,usd,7.98,7.25,4346.79,2024-03-22
william,obrien,pending,2024-12-05,1815 mendez islands apt. 384,apt. 371,tinaborough,br,illinois,36812,15797152354,jenniferturner@cook.com,usd,27.41,7.25,894.36,2023-03-04
yvonne,smith,overdue,2024-11-01,0578 justin light,apt. 940,elizabethmouth,ad,florida,73920,15932360457,sknight@hotmail.com,usd,29.7,7.25,4363.33,2024-08-13
donald,brown,pending,2024-12-30,432 monica station,suite 029,thomasland,cr,vermont,60304,15359338402,ufernandez@gmail.com,usd,7.05,7.25,1195.29,2024-05-20
noah,smith,overdue,2024-11-01,9170 thomas heights,suite 977,danielfort,ci,alaska,35004,15798899986,huffrichard@hughes.com,usd,24.49,7.25,4491.28,2024-09-12
erica,larson,overdue,2024-11-08,6434 evans springs apt. 854,suite 550,west daniel,mx,virginia,28532,11969605263,sandra55@hotmail.com,usd,8.12,7.25,3492.13,2024-10-04
jessica,ramos,pending,2024-12-16,7620 richardson gateway suite 181,suite 995,north andrew,bi,florida,34147,17107030911,debbiethornton@choi-booth.biz,usd,15.81,7.25,1917.09,2023-08-31
jason,brown,overdue,2024-11-26,7639 smith light suite 360,apt. 953,brianchester,co,washington,51943,18937290409,derek32@white-robinson.net,usd,17.27,7.25,3091.83,2024-04-10
patrick,myers,overdue,2024-11-15,3392 timothy ramp,apt. 317,east benjaminhaven,al,nebraska,32601,18753194962,andrewcooper@yahoo.com,usd,26.55,7.25,1007.88,2024-04-05
diane,nichols,pending,2024-12-08,8466 garcia dam,suite 297,duartemouth,gy,florida,90857,14495128651,jacobmorris@carroll.net,usd,17.88,7.25,630.36,2024-08-03
natasha,long,pending,2024-12-12,6885 roberts circles,apt. 204,east walter,uy,missouri,54189,13972477273,anthonyfoster@yahoo.com,usd,17.87,7.25,154.7,2023-10-17
william,flynn,overdue,2024-11-08,16489 callahan junctions,suite 763,fernandezmouth,va,illinois,52489,18926773932,njohnson@hotmail.com,usd,26.7,7.25,4182.19,2023-06-05
carol,thomas,overdue,2024-11-03,03641 guerrero springs apt. 398,apt. 278,north michael,mz,arkansas,61131,13171767688,garciajeffrey@hotmail.com,usd,6.33,7.25,3782.88,2024-10-01
roy,williams,overdue,2024-11-08,9437 joseph ford,suite 316,patelberg,pa,new jersey,15389,12623817389,stephenmeyers@yahoo.com,usd,9.29,7.25,3855.53,2024-10-04
jason,peters,pending,2024-12-21,173 carr summit,suite 085,north jacobtown,ar,west virginia,91298,18427502903,sally34@jones.com,usd,6.55,7.25,4068.95,2024-05-26
catherine,mcdonald,pending,2024-12-15,56650 joshua key suite 773,suite 598,north katherine,gm,new hampshire,10219,16754457798,arobinson@gmail.com,usd,29.47,7.25,2828.3,2023-12-13
tyler,banks,overdue,2024-11-22,5754 mark circles,suite 805,acevedotown,sk,colorado,4115,12140876796,monique46@hotmail.com,usd,19.92,7.25,3894.25,2024-08-10
rebecca,fritz,pending,2024-12-09,63728 alejandro vista,suite 778,port lisaview,rw,maryland,23162,13841065528,acoleman@yahoo.com,usd,18.06,7.25,2005.8,2023-09-14
logan,long,overdue,2024-11-21,155 kimberly route suite 082,apt. 341,parsonsburgh,cy,vermont,96720,15123556904,elizabeth19@gmail.com,usd,23.47,7.25,2183.69,2023-06-30
christy,lopez,pending,2024-12-08,55569 michele street apt. 046,suite 961,blackfort,no,vermont,9274,19604558155,dalton99@peck-matthews.com,usd,17.34,7.25,1390.96,2023-11-26
isabella,goodwin,overdue,2024-11-03,717 woods manor,suite 027,east michaelchester,pw,north dakota,9863,16754839934,nathaniel89@hotmail.com,usd,7.18,7.25,3961.26,2024-07-30
tiffany,conley,overdue,2024-11-03,991 jacob lodge suite 593,suite 191,south cynthia,ge,utah,91866,12994168930,kellyodonnell@gmail.com,usd,6.5,7.25,4052.87,2023-07-31
danielle,reynolds,overdue,2024-11-18,04583 sanders turnpike suite 084,suite 314,andrewmouth,es,rhode island,65436,15670189022,mcastro@gmail.com,usd,9.67,7.25,1168.11,2024-10-10
robert,williams,pending,2024-12-23,6073 jennifer village,suite 663,taylorport,vc,florida,67950,11881576421,lisacaldwell@hotmail.com,usd,19.81,7.25,178.99,2023-09-12
rebecca,myers,pending,2024-12-25,37859 danielle vista suite 317,apt. 125,michaelborough,ad,georgia,74657,16073193576,matthewcook@hotmail.com,usd,21.46,7.25,1035.66,2023-09-09
maria,smith,overdue,2024-11-08,00197 michele pass suite 980,suite 916,myersmouth,cf,wisconsin,99930,13729957239,adam77@hotmail.com,usd,29.36,7.25,3025.26,2024-07-23
eric,hoffman,overdue,2024-11-07,742 larry land,suite 324,west erin,ee,washington,77599,14618264881,michellejones@yahoo.com,usd,24.33,7.25,4762.57,2023-06-14
susan,fleming,overdue,2024-11-15,8103 garcia viaduct,suite 034,new megan,cv,new york,73578,15684560792,amymason@richards.info,usd,17.6,7.25,4391.64,2023-11-07
nicole,salinas,pending,2024-12-28,1847 nguyen motorway apt. 695,suite 278,donaldfort,ro,missouri,24684,16941379057,cunninghamleah@gmail.com,usd,18.94,7.25,4150.34,2024-07-31
eric,nelson,pending,2024-12-05,3763 william river,suite 200,cooperstad,bo,rhode island,52651,11285093405,morrisonelijah@yahoo.com,usd,21.8,7.25,1862.8,2023-02-01
raymond,obrien,overdue,2024-11-13,755 sloan parkway suite 642,apt. 888,north ricky,tz,tennessee,89095,17852230037,lucasdominique@hall.com,usd,22.62,7.25,4802.86,2023-12-16
kaitlyn,terrell,overdue,2024-12-02,3102 butler flats,apt. 936,smithtown,gm,ohio,40866,19797805432,yduffy@vega-harris.com,usd,18.42,7.25,2658.16,2024-02-03
christopher,hernandez,overdue,2024-11-06,7486 jeffrey crest apt. 760,apt. 849,new timothy,kw,maryland,56833,18365565030,catherine16@yahoo.com,usd,18.02,7.25,2037.28,2024-03-24
joshua,kelley,overdue,2024-11-04,327 washington trail suite 868,suite 818,west shelley,mz,maryland,65678,18168687062,dmatthews@vasquez.com,usd,25.84,7.25,348.26,2024-08-05
jared,brown,overdue,2024-11-27,81848 sloan ferry apt. 556,suite 625,ericksonhaven,hr,west virginia,57724,17905976694,sbell@lara.com,usd,22.27,7.25,1376.26,2024-09-03
caroline,farmer,overdue,2024-12-01,973 little ways suite 712,suite 566,north patrick,ci,utah,78251,17295905515,mcclurebruce@hamilton.com,usd,12.78,7.25,4656.86,2023-08-28
cindy,ali,pending,2024-12-24,4215 mccall walk suite 359,suite 573,east christinaburgh,pt,rhode island,77602,19565103245,angelaporter@davis.info,usd,7.87,7.25,4080.02,2024-10-06
cathy,wagner,pending,2024-12-23,1613 elizabeth garden suite 196,apt. 493,suzanneburgh,pg,new mexico,54617,13703394395,hcampbell@yahoo.com,usd,24.24,7.25,740.17,2023-04-29
gregory,weiss,overdue,2024-11-14,5199 kristen loaf suite 761,apt. 352,new bradport,unknown,minnesota,26986,15461791645,misty66@fields.com,usd,19.51,7.25,232.52,2024-09-21
brittany,crawford,overdue,2024-11-13,8093 ramirez divide,apt. 678,shepardshire,so,hawaii,44870,11814711372,weisswayne@delgado-terrell.net,usd,12.31,7.25,830.16,2023-12-18
april,jones,overdue,2024-11-11,59609 sanders islands,suite 359,new rachelport,vc,south carolina,22483,14705947720,erica45@hotmail.com,usd,23.32,7.25,1843.82,2024-12-04
jill,larsen,pending,2024-12-09,904 ramirez underpass,suite 557,lake mariaville,fr,ohio,51408,16859555626,vcox@maddox-thomas.org,usd,20.08,7.25,3738.38,2024-04-28
jaime,wood,pending,2024-12-08,566 joseph coves,apt. 325,kingberg,by,virginia,87418,14669888994,sampsonheather@robinson.biz,usd,13.95,7.25,2154.13,2024-04-28
elizabeth,sanders,overdue,2024-11-06,314 jessica square apt. 515,suite 808,south tammy,at,new mexico,64172,11953178762,tammypotts@hoffman-wang.com,usd,27.7,7.25,3906.96,2024-09-23
janice,martinez,overdue,2024-11-28,55803 brown fords apt. 790,suite 929,new amanda,az,kentucky,42104,12347846693,lorraine85@jones.com,usd,16.94,7.25,4936.44,2023-05-23
theodore,santana,pending,2024-12-24,03616 crosby lock,suite 640,south patricktown,sa,oklahoma,85397,14070958105,margaretmartinez@anderson.com,usd,7.17,7.25,1082.32,2023-05-05
melissa,moore,overdue,2024-11-26,18194 harvey junction apt. 306,apt. 695,nancyport,cf,iowa,34055,17730388768,kelseyhill@hotmail.com,usd,13.66,7.25,2262.91,2023-10-30
teresa,proctor,overdue,2024-11-16,266 julie shoals,suite 335,amychester,co,new york,57617,13360708984,hamiltoncarla@hotmail.com,usd,7.39,7.25,3991.25,2023-04-09
jennifer,park,pending,2024-12-18,200 hill loop suite 155,suite 431,new william,lk,utah,97700,18688473419,andreasmith@gmail.com,usd,29.13,7.25,2299.18,2023-12-25
haley,thomas,overdue,2024-11-14,40755 bean place apt. 624,apt. 543,brendachester,tn,illinois,48695,18861864364,parsonsshelby@nguyen.com,usd,29.21,7.25,4921.06,2023-07-08
dominic,lopez,overdue,2024-12-01,4681 stephenson rapids,apt. 961,dunnstad,mz,new jersey,61805,15728855330,erin57@hotmail.com,usd,18.41,7.25,283.83,2023-05-17
debbie,riley,overdue,2024-11-24,355 jenkins coves,apt. 291,thompsonport,kp,texas,21339,17801036260,toni76@yahoo.com,usd,15.78,7.25,655.97,2024-01-07
alex,guerrero,overdue,2024-11-25,496 ellis tunnel apt. 009,suite 664,new christopher,me,arkansas,40191,18592539567,kathryn94@long.org,usd,6.05,7.25,1862.27,2023-01-03
linda,thomas,overdue,2024-11-23,0218 benton light suite 027,apt. 662,south daniel,td,north dakota,82091,18556108722,ecooper@hotmail.com,usd,22.47,7.25,2189.28,2024-08-06
glen,clark,overdue,2024-11-02,825 olsen land apt. 293,apt. 775,pageburgh,pk,iowa,82688,15727849032,ashley03@kidd-pittman.com,usd,29.81,7.25,4788.23,2024-10-24
andrea,lopez,overdue,2024-11-05,4337 chavez parks apt. 393,apt. 893,christianmouth,hr,kentucky,90072,16402168596,bennettjames@mathis.com,usd,24.78,7.25,1933.52,2023-03-05
ray,fletcher,overdue,2024-11-26,88089 bonilla forges,apt. 200,hollyport,ve,new jersey,32643,16588101098,agardner@soto.com,usd,25.48,7.25,4484.99,2024-04-22
felicia,guerra,pending,2024-12-20,5660 smith islands suite 199,suite 550,north nancyfurt,py,south dakota,38821,11941032548,morenodiana@hotmail.com,usd,21.41,7.25,1329.4,2023-11-21
crystal,fowler,pending,2024-12-14,9084 melvin extensions,apt. 516,floydburgh,lv,texas,62723,19614150901,shannondelgado@nelson.info,usd,12.35,7.25,4990.45,2024-10-16
michelle,ramirez,overdue,2024-11-08,65902 cindy loop suite 660,suite 332,bridgeshaven,gw,montana,48775,11291926010,wendyroberson@patterson-roman.com,usd,27.72,7.25,4468.66,2023-06-13
edward,weaver,pending,2024-12-14,275 smith harbors,suite 502,port danielshire,au,new hampshire,93793,17072698194,petersrussell@george.com,usd,28.07,7.25,2733.38,2024-09-17
emily,soto,overdue,2024-11-20,65945 lee street,apt. 909,mccannland,lu,minnesota,46516,15199768378,nsalinas@parrish.com,usd,24.11,7.25,192.15,2024-09-30
david,campos,overdue,2024-11-03,019 elliott ridge suite 831,suite 337,jeanmouth,ru,kansas,46803,17715868397,debbie00@salas.org,usd,8.41,7.25,3296.23,2023-10-28
tina,hernandez,overdue,2024-11-08,987 megan hills,apt. 109,millerbury,cf,alaska,22459,14600647440,ronald05@yahoo.com,usd,13.09,7.25,4084.86,2024-06-08
scott,hernandez,overdue,2024-11-20,992 mitchell falls,apt. 735,hansenstad,my,new york,90811,13006417528,christina07@gmail.com,usd,6.91,7.25,708.97,2024-05-24
robert,calhoun,pending,2024-12-30,87615 allen rapids suite 701,suite 478,west bethany,lt,nebraska,99117,18841443125,mlarson@hernandez-ferguson.com,usd,7.32,7.25,2534.57,2023-10-22
scott,spencer,overdue,2024-11-28,454 yang rapids,apt. 107,east johnbury,uy,virginia,81537,14871280579,bhenry@miller-garrett.biz,usd,18.24,7.25,1671.8,2024-05-31
cesar,church,overdue,2024-11-08,66061 mackenzie parkways,apt. 557,hallside,iq,montana,14637,15666495152,whitestephen@yahoo.com,usd,17.62,7.25,4686.72,2024-09-04
robert,hardy,pending,2024-12-23,03068 stewart motorway,apt. 587,brendaside,tm,rhode island,79808,19228435190,cindy95@gmail.com,usd,6.24,7.25,2402.54,2024-03-13
chelsea,webb,pending,2024-12-12,130 olson coves suite 274,suite 435,jonesfort,es,alabama,3023,19376146796,riverashawn@daniel.com,usd,16.23,7.25,2760.92,2023-10-06
sara,brewer,overdue,2024-12-04,5080 angela cliffs apt. 799,apt. 371,new johnview,ne,new hampshire,97935,12448683549,vchambers@gmail.com,usd,17.94,7.25,408.24,2023-04-05
jessica,hernandez,overdue,2024-11-16,3846 christine trafficway suite 970,suite 407,south cameron,au,iowa,72764,16704751098,ericsteele@yahoo.com,usd,22.9,7.25,96.41,2023-12-10
roger,jones,pending,2024-12-27,77950 benjamin forge,suite 621,east anthony,tn,texas,94103,15159730692,jamesarnold@melendez.org,usd,25.85,7.25,1515.72,2023-11-11
gina,sexton,overdue,2024-11-11,665 brown cliffs,suite 229,griffinborough,jp,rhode island,961,18339117745,cynthia35@burke-johnson.com,usd,24.28,7.25,3675.55,2023-04-05
tammy,bell,pending,2024-12-07,845 escobar rapid,suite 874,lake brianstad,gh,montana,86662,14067537397,michelle70@lamb.com,usd,24.66,7.25,498.65,2024-03-26
thomas,scott,overdue,2024-11-03,9310 christopher ramp suite 299,apt. 295,staceyborough,co,virginia,11296,17612390423,pdoyle@campos.com,usd,5.8,7.25,1745.0,2024-05-14
sarah,graham,pending,2024-12-27,5317 anthony hollow apt. 349,apt. 382,brookschester,ug,california,32649,17591818512,mark74@hotmail.com,usd,26.89,7.25,1506.5,2023-06-18
kathleen,gilmore,overdue,2024-12-04,7827 daniel square apt. 003,apt. 666,south scottchester,ws,connecticut,15175,19890786022,nramirez@henderson-ponce.info,usd,28.03,7.25,4893.73,2023-07-21
angela,calhoun,overdue,2024-11-23,17292 vickie forks,apt. 733,everettville,cd,connecticut,41771,14934810082,jennifer49@villegas.com,usd,17.54,7.25,627.35,2023-12-31
amy,friedman,pending,2024-12-07,637 briggs junction apt. 724,suite 121,bruceshire,pl,north carolina,70718,19365625201,mackjustin@hotmail.com,usd,17.79,7.25,3746.78,2023-04-01
aaron,jimenez,overdue,2024-11-16,2758 joanne motorway apt. 493,suite 502,hallmouth,al,oregon,98557,11847779870,christycruz@yahoo.com,usd,14.4,7.25,3497.83,2023-11-01
sheri,harris,pending,2024-12-15,639 kelly branch,suite 000,north michael,ee,oklahoma,87346,12559756343,alan42@yahoo.com,usd,6.47,7.25,76.95,2024-07-02
sandra,anderson,overdue,2024-11-19,62065 evans station,apt. 116,martinview,bw,minnesota,20745,19522011761,hwatkins@yahoo.com,usd,20.19,7.25,3468.7,2024-02-01
jeffrey,miller,pending,2024-12-16,60037 munoz unions,suite 620,kennethview,ir,ohio,95418,12387118333,nathan38@hotmail.com,usd,16.94,7.25,450.56,2023-08-11
stephen,gonzalez,overdue,2024-11-06,77365 quinn valleys,suite 589,meganville,ge,california,99068,17808967556,iwilliams@hotmail.com,usd,17.41,7.25,2745.61,2023-04-16
shawn,hall,overdue,2024-11-13,13492 david knolls,suite 353,south carol,uy,hawaii,33116,12949095520,kenneth08@adams.net,usd,15.41,7.25,1756.72,2023-11-16
david,maldonado,pending,2024-12-30,034 david plaza,suite 140,conwayfort,mu,mississippi,507,11921209504,mccarthychad@carson.biz,usd,15.71,7.25,2392.43,2024-08-26
cindy,reynolds,pending,2024-12-15,021 taylor meadow,suite 010,lake david,id,north dakota,18537,16460500535,bobby61@hotmail.com,usd,16.28,7.25,1024.01,2023-03-23
connie,price,overdue,2024-11-18,19618 denise curve apt. 979,apt. 175,south stefanie,tg,iowa,22344,18705513473,zrowland@boyer.com,usd,18.49,7.25,462.34,2023-06-09
ashley,jones,overdue,2024-12-04,469 martin trace,suite 481,thomasfurt,mk,vermont,59694,16142572968,brownshawn@cline.biz,usd,14.23,7.25,2942.22,2023-01-12
jessica,villanueva,overdue,2024-12-04,1079 michelle inlet suite 728,apt. 021,romeroshire,dk,texas,39606,16958760056,russellryan@lloyd.com,usd,15.96,7.25,4481.96,2023-11-12
monica,johnson,overdue,2024-11-25,736 christian trace,suite 461,teresaville,vu,mississippi,55066,13836904092,evanmiddleton@thomas-carr.com,usd,28.89,7.25,4304.17,2023-01-25
david,hughes,overdue,2024-11-27,8232 rodriguez locks,suite 053,new kelseyport,bz,oregon,49186,15561114600,donna54@horton.com,usd,25.99,7.25,862.59,2024-01-11
jennifer,bauer,pending,2024-12-17,1641 jacob mill suite 764,apt. 586,west scott,li,massachusetts,4384,19368637111,gespinoza@hotmail.com,usd,22.22,7.25,4080.87,2024-09-23
alejandro,baldwin,overdue,2024-11-19,1947 ethan plaza apt. 331,apt. 878,north tonya,hu,rhode island,10677,19343714313,lisa25@gmail.com,usd,29.95,7.25,645.73,2023-04-28
karen,johnston,pending,2024-12-17,050 ramirez square apt. 645,apt. 241,nicholsonland,sy,wyoming,47523,15919023712,restrada@yahoo.com,usd,29.06,7.25,2454.82,2024-03-15
stephanie,scott,overdue,2024-11-14,834 olivia crossroad apt. 604,apt. 871,randallberg,nz,south carolina,19574,12996337361,dherring@weber.com,usd,5.17,7.25,2175.0,2023-06-12
tiffany,vasquez,overdue,2024-11-12,42142 morgan loop,suite 706,thomasview,bb,minnesota,51468,19964220836,atkinschristopher@gmail.com,usd,15.7,7.25,951.08,2023-10-09
luis,elliott,overdue,2024-11-28,6833 janet station,suite 707,smithville,ua,missouri,86751,13044070421,hhart@montgomery.org,usd,24.05,7.25,1300.44,2024-02-07
brittany,james,overdue,2024-11-21,0021 jackson flats suite 005,suite 110,robinmouth,pe,montana,61446,14136499759,lawrencemartinez@gmail.com,usd,7.82,7.25,1601.42,2024-09-11
sheila,franklin,pending,2024-12-25,4610 david wall,apt. 814,websterview,st,wyoming,71528,14278705310,mariajohnson@vega.net,usd,16.03,7.25,4214.59,2024-07-04
james,scott,overdue,2024-11-19,82428 robinson coves,apt. 804,port lauren,om,maryland,9843,12389305585,charles48@hotmail.com,usd,29.01,7.25,2439.1,2023-10-30
randy,anderson,pending,2024-12-14,39484 rocha mill suite 302,suite 288,port barbaraview,pt,louisiana,9942,11564926775,william76@hotmail.com,usd,19.56,7.25,595.09,2024-01-05
bruce,juarez,overdue,2024-11-11,19214 larsen circles,apt. 123,port clayton,tl,tennessee,87342,11224667068,ronnie18@wright.com,usd,15.34,7.25,2303.17,2023-05-29
kimberly,silva,overdue,2024-11-20,2505 johnson inlet,apt. 544,north danaville,ru,montana,22834,17733638770,victoriaortega@gmail.com,usd,10.65,7.25,4026.02,2023-04-12
sarah,johnson,pending,2024-12-09,704 holly locks apt. 695,apt. 445,east bruce,mg,maine,57965,11494514016,timothy56@yahoo.com,usd,24.91,7.25,2968.86,2023-06-27
robert,gibbs,pending,2024-12-21,00739 holmes light apt. 373,suite 504,rogerchester,st,georgia,79332,11852392065,vernonritter@hotmail.com,usd,13.68,7.25,713.55,2023-07-13
kelly,williams,pending,2024-12-12,076 mclaughlin alley,suite 050,new brenda,tg,indiana,50807,18873949904,hjimenez@hotmail.com,usd,16.89,7.25,1593.9,2023-01-26
cathy,hines,pending,2024-12-07,326 aaron stream apt. 983,suite 792,north christopher,ao,maine,47982,15814086163,john62@smith-cook.com,usd,11.07,7.25,3708.69,2023-11-06
carl,davis,overdue,2024-11-27,981 shawn mountains apt. 683,suite 189,east katherine,cf,montana,68006,18726556448,bsanchez@green.info,usd,13.14,7.25,2590.86,2024-07-03
leslie,munoz,overdue,2024-11-10,0000 mckenzie way,suite 596,farrellton,ec,new york,1457,12241650456,susan91@gmail.com,usd,11.74,7.25,103.46,2024-01-15
michelle,schwartz,pending,2024-12-14,395 johnson burgs,suite 800,west catherine,tw,new york,18691,17734905660,scottbentley@dunn.org,usd,14.02,7.25,3025.85,2024-08-26
alex,krause,pending,2024-12-26,81916 derek mountains suite 013,suite 512,lake andrew,jp,maryland,82448,14529547175,christina57@hotmail.com,usd,14.86,7.25,3815.27,2024-04-05
ryan,maldonado,overdue,2024-11-02,6901 krause trace suite 238,apt. 988,dannyview,tj,iowa,5687,17140776049,charlesbenjamin@hotmail.com,usd,29.53,7.25,919.93,2024-04-29
debra,cox,overdue,2024-11-06,601 benitez rest apt. 833,apt. 181,east angela,kz,kansas,85137,18308461459,cindyreynolds@yahoo.com,usd,18.88,7.25,386.31,2023-03-25
jocelyn,mercer,pending,2024-12-23,555 jennifer turnpike apt. 728,suite 779,lake danielfurt,hr,colorado,46760,12100597319,reedcindy@marshall-richards.net,usd,13.18,7.25,4348.01,2023-07-20
matthew,richardson,overdue,2024-12-01,263 thomas gateway,apt. 166,south carrieview,es,kansas,29581,12491477333,melissa77@hotmail.com,usd,18.16,7.25,822.18,2024-08-23
emily,rose,pending,2024-12-22,3339 edwards islands apt. 020,suite 294,ellisonmouth,ma,utah,930,14690742048,udowns@gmail.com,usd,24.56,7.25,1359.75,2023-09-28
rebecca,edwards,pending,2024-12-26,440 jennifer river,apt. 514,loganshire,cr,new york,91009,15150811430,ybennett@yahoo.com,usd,16.87,7.25,4157.91,2023-10-19
nancy,king,pending,2024-12-25,5426 johnson forges,suite 209,south emilyland,rs,michigan,67325,12175599957,maryramirez@yahoo.com,usd,21.13,7.25,1810.22,2024-11-04
jose,stephenson,overdue,2024-11-27,59867 wilson ferry apt. 490,apt. 371,garciaburgh,mt,florida,12575,17537109303,mwhitaker@hotmail.com,usd,8.88,7.25,3595.55,2024-08-17
sue,jones,overdue,2024-11-13,96591 sanders locks,suite 581,parrishview,am,texas,1043,18541078874,daughertykelly@smith.biz,usd,16.77,7.25,2984.17,2024-01-17
jennifer,hernandez,pending,2024-12-18,19288 lori knolls suite 447,apt. 485,gutierrezhaven,ht,tennessee,30075,15642910764,yrocha@hotmail.com,usd,12.93,7.25,1980.15,2024-04-14
kelly,moran,overdue,2024-11-28,961 john keys apt. 576,suite 187,michaelville,cl,montana,90196,15537660025,iserrano@murray.org,usd,19.45,7.25,4577.12,2023-10-08
ryan,armstrong,overdue,2024-11-07,228 mcintyre drive suite 401,apt. 054,north rachelfurt,de,alaska,92012,17402755345,hpatrick@yahoo.com,usd,8.14,7.25,1698.97,2024-06-12
linda,mercado,overdue,2024-12-03,249 rebecca well suite 549,apt. 438,smithchester,se,tennessee,30785,12145022721,bdoyle@yahoo.com,usd,5.25,7.25,3376.55,2024-07-01
jeffery,ray,pending,2024-12-05,0428 tonya cliff suite 990,suite 090,south josephborough,sl,louisiana,50199,11500032367,tonysantos@brown.info,usd,15.81,7.25,3282.34,2023-03-15
joseph,barnes,overdue,2024-11-01,13821 lucas camp,apt. 277,west connor,sl,new mexico,89728,13863868291,tiffanyvaughn@guzman.com,usd,11.69,7.25,2800.63,2024-10-04
stacie,mahoney,overdue,2024-11-26,8930 kevin knoll,apt. 414,loweborough,so,virginia,81203,17063748658,sabrinasmall@sampson.biz,usd,19.47,7.25,4911.27,2023-09-03
kristen,keller,overdue,2024-11-06,4676 davenport springs,apt. 570,vanessaton,la,idaho,57274,13471501800,lmerritt@schmidt.com,usd,18.08,7.25,4780.71,2024-08-18
raymond,ferrell,pending,2024-12-12,631 nicholas orchard,suite 796,new ryan,ht,missouri,31579,16109868738,zacharyfoster@gmail.com,usd,23.82,7.25,1435.35,2024-03-18
christopher,bradley,pending,2024-12-13,02756 shannon mountain,apt. 064,lake jefferyshire,ae,nebraska,42344,11769328567,krystal82@dixon-johnson.com,usd,17.6,7.25,2086.15,2023-01-29
scott,friedman,overdue,2024-12-04,606 mary passage apt. 918,apt. 459,terrystad,lt,new jersey,11821,15676654120,rebecca88@yahoo.com,usd,13.21,7.25,1164.64,2023-06-19
benjamin,boyd,overdue,2024-11-27,5174 elizabeth mountains,apt. 889,robertfurt,pt,south carolina,63573,15367533733,hconrad@yahoo.com,usd,16.75,7.25,3455.26,2024-01-02
brian,brown,overdue,2024-11-23,67241 hill locks apt. 371,suite 248,north seanstad,lu,vermont,90628,12136550192,stevenwhite@shepard-alexander.info,usd,26.65,7.25,2560.33,2023-04-04
mike,hansen,overdue,2024-11-22,6077 brown ports,apt. 922,north peggyport,mv,west virginia,48443,12417197491,rebekah91@lopez.com,usd,22.49,7.25,3404.61,2023-06-20
jason,smith,overdue,2024-11-29,11664 rice locks suite 394,apt. 500,smithton,ge,maine,71252,11416042732,osolis@friedman-lucas.com,usd,27.7,7.25,1385.2,2024-06-15
lisa,cherry,pending,2024-12-06,128 barnes points,apt. 136,patelmouth,zw,colorado,39031,19981785112,ugarcia@faulkner.biz,usd,22.91,7.25,2474.03,2023-05-28
cynthia,jones,pending,2024-12-25,4378 jeffrey greens,apt. 774,west daryl,bt,north carolina,98994,12950915032,savannahbell@hotmail.com,usd,6.4,7.25,3570.39,2024-02-23
christopher,flowers,overdue,2024-11-28,75406 julie circles,apt. 090,port amanda,cr,missouri,24735,18929175782,duncanmonique@gmail.com,usd,9.67,7.25,2312.53,2024-03-16
matthew,gallegos,pending,2024-12-17,5569 herrera square suite 432,suite 568,clarketon,do,texas,18126,14599722749,meyercharles@pineda.org,usd,8.25,7.25,3341.26,2023-05-30
rachel,gutierrez,overdue,2024-11-05,475 moran coves apt. 069,apt. 933,new norman,za,michigan,78126,19743462371,michelle98@rosales.com,usd,16.43,7.25,3233.83,2023-09-16
andrew,ryan,overdue,2024-11-30,33326 dana manor,apt. 830,south jennifer,ni,pennsylvania,74700,17072239749,scott96@hotmail.com,usd,11.3,7.25,2911.38,2023-07-03
chloe,sandoval,pending,2024-12-21,638 erik glen,suite 808,anthonymouth,bi,wyoming,1143,15098805048,johndavis@robinson.org,usd,14.48,7.25,2806.91,2023-12-25
katherine,bryant,overdue,2024-11-19,9439 nelson stream,suite 903,lake charles,tg,new mexico,42675,18814750462,zlong@simmons.com,usd,14.84,7.25,2215.73,2023-02-16
anthony,mckee,overdue,2024-11-01,9873 friedman shore,suite 835,west saraberg,dm,pennsylvania,54802,11812315183,brandon42@morris.net,usd,5.6,7.25,2652.4,2023-05-08
robert,reynolds,overdue,2024-12-03,62886 maureen field,apt. 193,brittneyland,tm,nevada,85811,19915211249,sbowen@garrison.com,usd,28.24,7.25,1197.67,2024-03-22
kara,smith,pending,2024-12-12,4473 alejandra isle apt. 633,apt. 632,hortonbury,my,new jersey,11585,13478713942,wrightlinda@hotmail.com,usd,14.08,7.25,2059.07,2024-03-11
mariah,farmer,pending,2024-12-29,5229 johnny junction apt. 564,apt. 110,schmidthaven,li,kansas,19406,16096362288,smithcharles@gmail.com,usd,24.61,7.25,1013.66,2024-07-18
sarah,carpenter,overdue,2024-11-08,7531 david inlet suite 313,suite 762,north joshua,al,arkansas,30422,11131535109,lnelson@hotmail.com,usd,13.5,7.25,2870.73,2023-04-25
jodi,rosales,overdue,2024-11-26,024 smith village,suite 275,christinetown,ng,wyoming,59401,18319597871,richard04@hotmail.com,usd,19.25,7.25,1756.9,2024-10-19
jeremiah,patel,overdue,2024-11-01,80242 davis lock,suite 305,carterberg,bs,wyoming,26045,11890850213,bobby92@yahoo.com,usd,15.12,7.25,2883.26,2023-11-24
courtney,johnson,overdue,2024-11-12,46918 benjamin glen apt. 390,suite 211,lake gregory,bh,oregon,7581,17940119778,sarah37@williams.com,usd,19.74,7.25,399.41,2023-01-15
kelsey,thomas,pending,2024-12-30,490 alexander glens suite 440,apt. 097,watkinsville,pk,alabama,72751,18711596853,msimmons@yahoo.com,usd,13.65,7.25,1449.5,2024-10-03
david,clarke,overdue,2024-11-07,0165 sanchez harbor,suite 031,anthonyfort,jm,south dakota,75841,16232484790,patrick42@hotmail.com,usd,24.24,7.25,2365.23,2023-03-15
paul,nichols,pending,2024-12-27,50227 andrea spurs,apt. 976,nunezland,us,colorado,80762,16263814301,myerspatrick@yahoo.com,usd,15.89,7.25,4215.44,2023-05-18
devin,fischer,pending,2024-12-23,8706 perez spring apt. 301,suite 754,nancymouth,ad,kansas,91613,16155213580,briancardenas@hampton.com,usd,5.6,7.25,2425.94,2023-05-12
jennifer,oliver,overdue,2024-11-30,71821 miranda stream,apt. 306,pruittton,st,michigan,39514,16337137477,michellebarnes@lawson.com,usd,16.9,7.25,2754.78,2023-08-27
laura,smith,overdue,2024-11-08,5929 guzman passage,apt. 734,north johnside,gq,missouri,61638,16170744377,perryjason@gmail.com,usd,27.63,7.25,323.71,2023-07-12
thomas,stafford,overdue,2024-11-13,5007 edwards unions,suite 174,patrickfurt,mn,tennessee,6090,13145331707,chandlertiffany@yahoo.com,usd,19.6,7.25,1407.02,2023-02-09
ashley,watkins,overdue,2024-11-28,08715 adam ramp apt. 764,suite 646,west francis,sz,idaho,40637,19842585572,lewisshawn@miller.com,usd,11.41,7.25,1450.59,2023-01-26
brandon,harris,overdue,2024-11-12,06611 harrell mews,suite 879,east gloria,er,maine,82747,16732886994,browningsean@yahoo.com,usd,27.97,7.25,106.48,2024-04-04
jacob,lowe,overdue,2024-11-29,1496 castro cliff,apt. 887,port katelynton,am,tennessee,90581,18490798521,stephanie63@gmail.com,usd,23.06,7.25,4650.58,2024-08-11
anthony,thompson,overdue,2024-11-11,992 richard vista,suite 502,south dustinville,rw,north dakota,44862,14318180020,cherylschmidt@wagner.org,usd,12.1,7.25,2415.09,2023-12-07
joseph,harrington,overdue,2024-11-04,124 rogers loaf suite 336,suite 779,new wendyberg,fm,georgia,2236,18047529900,vaughankayla@hotmail.com,usd,24.65,7.25,4614.01,2024-10-28
victoria,burgess,overdue,2024-11-22,421 jacqueline estate suite 784,suite 959,north charlesberg,jm,washington,15141,16582005967,dillon00@cortez-montoya.net,usd,7.58,7.25,1882.97,2023-01-28
julie,davis,overdue,2024-12-04,820 berry trafficway suite 101,apt. 667,port erictown,sy,connecticut,85847,13846030866,mia96@yahoo.com,usd,7.86,7.25,2644.3,2023-11-04
jennifer,miller,overdue,2024-11-02,4261 flores flats apt. 321,apt. 894,east seanport,om,north dakota,94551,17307954356,bryantcody@gmail.com,usd,21.88,7.25,3074.52,2023-03-28
bobby,martinez,overdue,2024-11-01,52486 archer crossroad,suite 923,north jose,sn,idaho,40868,19422570663,yvilla@ramirez.com,usd,18.51,7.25,3175.88,2024-07-28
michael,gonzales,overdue,2024-11-15,6613 johnson springs apt. 667,apt. 736,new jonathan,zw,arkansas,36127,16525683863,kayla08@white.com,usd,13.16,7.25,338.52,2024-09-09
lauren,thomas,overdue,2024-11-29,3552 ian track apt. 526,apt. 786,jonesmouth,it,montana,1489,18488381851,bergjessica@yahoo.com,usd,14.43,7.25,2103.52,2024-11-08
scott,james,overdue,2024-11-09,876 johnson courts,suite 533,new darren,my,illinois,75511,16833169666,jennifer97@yahoo.com,usd,24.92,7.25,594.6,2024-07-30
douglas,taylor,overdue,2024-11-13,921 samuel pike,suite 867,east rhonda,jm,kentucky,31355,17320759500,nicholas95@welch.com,usd,12.67,7.25,1224.78,2023-04-17
martin,shields,overdue,2024-11-28,513 randy plaza,apt. 282,lake robertmouth,td,iowa,8094,15019896189,jordandavid@maxwell.com,usd,10.89,7.25,4731.27,2024-04-01
james,crosby,pending,2024-12-30,5287 charles isle apt. 017,apt. 342,stevenborough,ad,wyoming,82211,17185634355,johnunderwood@hotmail.com,usd,20.69,7.25,1798.28,2024-07-18
timothy,alvarez,overdue,2024-12-03,406 warner plains,suite 868,lake joelville,fr,illinois,97201,11685344949,derrick27@patton.net,usd,25.15,7.25,1902.51,2024-07-15
dustin,paul,overdue,2024-11-22,60560 aaron greens,apt. 737,brianstad,la,nevada,86988,19768324350,nichole14@peterson.com,usd,9.53,7.25,784.23,2024-11-10
kelly,clarke,overdue,2024-11-20,755 chen mall apt. 636,suite 990,stephaniefort,np,wyoming,11160,19502382250,michael66@perry.com,usd,27.62,7.25,1290.8,2023-07-31
leon,morse,overdue,2024-11-10,16086 gonzalez stravenue,suite 811,kennedyfort,sr,kentucky,31494,11651032839,piercedeborah@hotmail.com,usd,20.22,7.25,4002.71,2024-09-29
richard,jones,pending,2024-12-05,16175 edwin parkway apt. 555,suite 023,east bettymouth,va,washington,75911,15265457706,xhanson@jones.org,usd,12.03,7.25,150.27,2024-03-02
jeffrey,palmer,pending,2024-12-06,2413 chavez harbor,suite 452,east russell,cu,new jersey,72976,16112924958,kingrichard@hotmail.com,usd,17.8,7.25,4275.61,2024-04-24
monica,jones,overdue,2024-11-16,9135 lindsey turnpike apt. 929,suite 445,west fernando,th,mississippi,12011,11944418217,jack78@yahoo.com,usd,19.7,7.25,1235.59,2024-10-05
ann,davis,pending,2024-12-14,57698 henry station,suite 554,new albert,kr,mississippi,99730,19335252258,joshuazimmerman@gmail.com,usd,7.35,7.25,1213.59,2023-05-28
randall,farley,overdue,2024-11-23,4397 amanda ramp,suite 757,south ronaldborough,dj,california,47342,15747514916,stewartbrandy@jimenez-smith.com,usd,27.66,7.25,3206.48,2023-05-27
vickie,barton,pending,2024-12-22,46149 yolanda glens suite 267,apt. 135,south timothyborough,bs,maine,32135,12978028441,zbennett@gilmore-whitaker.com,usd,28.43,7.25,2981.06,2023-08-19
angela,frank,pending,2024-12-07,8585 fowler villages,suite 201,new lisafurt,mk,tennessee,57503,13672296899,cody79@yahoo.com,usd,16.15,7.25,3359.64,2024-04-15
willie,hobbs,pending,2024-12-05,782 may glens,apt. 139,east nicholashaven,md,north dakota,41637,11318362036,danielhudson@yahoo.com,usd,24.13,7.25,2182.31,2023-09-21
justin,green,overdue,2024-11-30,948 eric drives,apt. 629,port tylerfurt,rw,colorado,63074,13282504364,darrenkent@marshall-hoffman.info,usd,15.69,7.25,902.28,2023-02-25
melissa,rubio,pending,2024-12-08,0502 elizabeth harbor,suite 191,shepherdville,bw,connecticut,15901,15815620926,joshuacortez@blair-mccarthy.org,usd,9.76,7.25,2008.76,2023-08-06
jason,ross,overdue,2024-11-13,2040 gloria roads apt. 612,suite 116,davidstad,am,new york,85153,15653557476,dvasquez@hotmail.com,usd,18.92,7.25,2868.2,2024-04-05
april,roberts,pending,2024-12-24,0348 carolyn manor apt. 831,suite 506,port johnnyland,eg,maine,81039,19031384178,hrodriguez@wagner-hughes.com,usd,10.67,7.25,1496.46,2024-02-17
joseph,gilbert,pending,2024-12-18,29039 rodgers village,suite 732,lake lindsay,af,nebraska,10468,17940204364,rebecca26@mayer.info,usd,27.08,7.25,2110.56,2023-02-09
zoe,garcia,overdue,2024-11-14,82840 patricia ferry,suite 534,conniestad,zw,illinois,33275,17586051412,huntjames@west.com,usd,26.04,7.25,3217.76,2023-06-29
eric,boone,overdue,2024-11-07,22962 harmon plain apt. 370,suite 152,west jennifer,ps,arizona,8549,14920953494,meredithwilson@ramos-thompson.biz,usd,22.35,7.25,444.35,2024-07-09
sandy,nichols,overdue,2024-12-02,458 torres centers,apt. 810,south jonathanport,gt,oklahoma,29898,11570977278,arichards@smith.com,usd,10.47,7.25,2638.26,2024-01-04
tyler,turner,pending,2024-12-30,35646 livingston extension apt. 372,suite 807,burtonmouth,hu,west virginia,90302,11039912211,xphillips@gmail.com,usd,11.79,7.25,501.52,2024-08-28
janice,anderson,pending,2024-12-13,18286 stephen unions suite 863,suite 069,west jefferyside,nl,colorado,46092,12996560169,rcherry@pruitt-brown.com,usd,21.98,7.25,2239.71,2024-03-11
douglas,hernandez,overdue,2024-11-21,338 raymond brooks suite 692,suite 919,west jeffreyfort,es,maryland,85031,16857313176,kentyesenia@ramirez-day.com,usd,10.59,7.25,2547.08,2024-08-28
taylor,nichols,overdue,2024-11-04,6175 ashley station,apt. 675,south kaylastad,sb,new york,83992,14387347385,wfox@yahoo.com,usd,12.54,7.25,2680.85,2024-04-11
charles,schmidt,overdue,2024-11-22,642 vernon haven apt. 328,suite 295,ellenfort,hr,wisconsin,17732,12927700338,sean54@gmail.com,usd,8.96,7.25,829.68,2024-02-17
tony,collins,pending,2024-12-12,5956 smith gardens suite 367,apt. 782,north jeremyborough,uz,south carolina,11693,16835326666,marissabrewer@hurst-simpson.net,usd,9.85,7.25,4842.8,2023-10-28
brett,hernandez,overdue,2024-12-02,5106 stephen camp,apt. 301,south patriciastad,rw,pennsylvania,76731,13382929219,elliscraig@richardson-mosley.com,usd,23.37,7.25,2516.45,2023-08-20
jason,miller,pending,2024-12-17,45280 pittman circle,apt. 461,port jeffrey,is,mississippi,53169,18908867347,rachelwhite@matthews.com,usd,11.96,7.25,1638.07,2023-03-07
jaime,lopez,overdue,2024-11-22,2271 le isle apt. 504,suite 880,sethstad,pk,minnesota,73499,12727539608,fowlerjohn@hotmail.com,usd,28.55,7.25,1698.14,2023-01-15
nancy,schroeder,overdue,2024-11-16,18436 kelsey loop apt. 078,suite 419,east mark,mt,maine,55382,11408255422,coopermichael@gmail.com,usd,16.31,7.25,4809.11,2024-02-28
thomas,moore,overdue,2024-11-19,35769 allen key apt. 576,apt. 182,heathermouth,vc,washington,51827,17107581256,bensonlorraine@waters.biz,usd,12.62,7.25,1280.78,2024-10-26
james,lewis,overdue,2024-11-10,83747 andrews orchard,apt. 440,clayberg,mn,south dakota,24364,11624033440,josephshort@gmail.com,usd,29.58,7.25,266.73,2023-02-08
ann,figueroa,pending,2024-12-15,46221 dominique mount apt. 952,apt. 850,kochstad,se,kentucky,78625,13576673645,tholmes@hotmail.com,usd,10.63,7.25,2944.61,2023-06-05
jessica,wheeler,overdue,2024-12-04,7091 brittany canyon,suite 859,lake vanessachester,zw,ohio,78097,11144874559,garciajames@gmail.com,usd,16.29,7.25,616.31,2024-09-20
ashley,reilly,overdue,2024-11-30,8976 alexis estates,suite 936,north krystalview,unknown,delaware,34316,18644850664,audrey37@gmail.com,usd,9.89,7.25,3732.4,2024-01-21
brandon,moore,overdue,2024-11-07,01605 thomas walks,apt. 402,east kristafurt,id,nebraska,5784,14547629334,usmith@martin-west.com,usd,9.89,7.25,1470.02,2024-04-07
brian,davis,pending,2024-12-07,4646 adam inlet,suite 515,jonathanchester,at,massachusetts,66236,17533623465,singhalexandra@wagner.org,usd,17.94,7.25,2557.77,2023-08-13
victoria,crosby,pending,2024-12-10,803 thomas points,suite 600,barnesland,za,new hampshire,78328,17590621735,hlopez@hamilton.com,usd,16.18,7.25,637.75,2024-02-10
lisa,nelson,pending,2024-12-27,9771 parks course,suite 507,port haileyburgh,pa,new york,7225,12249145965,reneehahn@yahoo.com,usd,11.63,7.25,4346.66,2023-01-17
kevin,fitzgerald,pending,2024-12-24,41361 valerie ranch,apt. 478,kirkton,mx,west virginia,62377,19169130850,weavershawn@yahoo.com,usd,27.16,7.25,2295.43,2024-09-17
charles,trevino,overdue,2024-12-01,3029 daugherty key suite 991,suite 480,ashleyhaven,ma,new jersey,14434,13208663279,parkercarson@hotmail.com,usd,13.59,7.25,4968.46,2024-03-27
christopher,pittman,pending,2024-12-30,87022 patterson stravenue,suite 702,johnnychester,bi,minnesota,19130,17784298896,ssmith@hotmail.com,usd,9.32,7.25,1512.65,2024-05-10
kristin,hansen,pending,2024-12-24,6923 hendricks corners,apt. 023,west joannahaven,gt,south carolina,46589,12428758346,agray@yahoo.com,usd,14.43,7.25,4024.01,2023-02-21
john,williams,pending,2024-12-19,3214 montgomery spur suite 861,apt. 256,north kaylaton,nl,delaware,39014,14630080702,garrettsharon@yahoo.com,usd,21.18,7.25,3674.27,2023-12-10
danielle,bennett,overdue,2024-11-01,727 robert courts,suite 026,melanieland,tj,georgia,41395,19724751107,rachelolson@riley-johnson.com,usd,26.21,7.25,1173.94,2024-03-02
suzanne,lopez,overdue,2024-11-17,36507 stevens court,apt. 096,east aliciamouth,bb,rhode island,86256,17497806827,david93@gmail.com,usd,17.37,7.25,2237.0,2023-08-03
jimmy,waters,overdue,2024-11-19,31550 shaffer run,apt. 713,caitlinborough,no,alabama,37288,16159499259,markmoore@yahoo.com,usd,12.13,7.25,524.77,2024-08-02
jennifer,mccormick,overdue,2024-11-05,126 deborah club,apt. 938,christianton,id,north dakota,4635,13636167640,bgomez@hotmail.com,usd,12.7,7.25,3187.51,2024-07-29
jay,schaefer,pending,2024-12-28,52118 ramirez expressway,apt. 397,south matthew,tj,missouri,4618,15410524135,vphillips@boyd.com,usd,26.37,7.25,1123.04,2023-12-02
francisco,lewis,overdue,2024-11-26,01344 ayers haven suite 553,apt. 987,lake jesseside,sv,west virginia,39961,14540718002,wendy83@gmail.com,usd,12.36,7.25,3213.79,2023-08-10
leslie,guerra,overdue,2024-11-22,346 mary points,apt. 447,jasonton,do,nebraska,50370,14967083345,charles18@hotmail.com,usd,20.51,7.25,1305.87,2024-11-26
sydney,davis,overdue,2024-11-18,61131 bradley station,suite 534,new molly,sc,louisiana,92264,12093308102,lopezelizabeth@hotmail.com,usd,5.4,7.25,3669.27,2023-11-24
patrick,davis,pending,2024-12-06,1658 brown mews,suite 115,port richard,ch,nevada,87034,13900321238,perezmary@hotmail.com,usd,9.65,7.25,4409.85,2023-07-22
andrew,spencer,overdue,2024-11-13,9221 powell tunnel suite 627,apt. 177,lake jeremiah,cu,connecticut,6387,16933945048,amandablair@ortiz-ball.info,usd,13.96,7.25,2136.69,2024-11-14
kathy,warren,pending,2024-12-27,55427 bass track suite 409,suite 783,michellefurt,sb,illinois,79349,19740864132,loganbrenda@taylor.net,usd,8.08,7.25,4940.8,2024-08-15
marc,conner,pending,2024-12-31,00901 joseph garden,apt. 146,lake alyssa,vu,kentucky,86590,17173248924,gwendolynwhite@estrada.info,usd,6.17,7.25,1371.3,2024-03-24
stephanie,bates,overdue,2024-11-09,91480 webster terrace,apt. 257,torresberg,bo,ohio,90371,17500357318,merritteric@yahoo.com,usd,24.8,7.25,1992.83,2023-02-20
christine,duran,pending,2024-12-14,1642 berg station,suite 089,lake adrianton,ag,utah,5038,14586581789,hendersonderrick@hotmail.com,usd,7.47,7.25,2668.95,2023-07-27
nicholas,hunt,pending,2024-12-17,931 melanie bridge suite 977,suite 054,hunterburgh,qa,new mexico,45486,19895309698,williamsmichael@hotmail.com,usd,13.87,7.25,1887.73,2023-05-10
daniel,harmon,pending,2024-12-14,52374 michele rue suite 474,apt. 024,tashaville,lt,delaware,83184,18545578681,kingrebecca@arellano.net,usd,14.77,7.25,4548.41,2024-09-04
scott,woods,overdue,2024-11-23,38234 mario place,apt. 167,melissahaven,cr,massachusetts,24758,19735639639,melissa59@stephens.com,usd,25.08,7.25,660.67,2024-06-30
derek,cowan,pending,2024-12-11,2247 shawn mountain,suite 781,derrickfurt,ga,washington,6396,18752525318,jamesbryant@miller-lamb.biz,usd,12.47,7.25,3950.34,2024-10-13
kimberly,martin,overdue,2024-11-11,3187 hart rest,apt. 035,east geoffreymouth,at,wisconsin,31267,16064096634,yjones@turner.biz,usd,21.41,7.25,3005.45,2024-01-14
monique,erickson,pending,2024-12-21,31401 stephens stream,suite 249,daughertyside,pt,wyoming,11815,17489046193,kristinaschneider@gmail.com,usd,11.5,7.25,204.08,2024-01-03
blake,gaines,overdue,2024-11-30,3899 jonathan key apt. 073,suite 896,helenmouth,so,south carolina,27732,11515988042,stacie10@holt.com,usd,23.81,7.25,258.98,2024-06-04
dana,ellis,overdue,2024-11-27,24418 christina spring suite 249,apt. 950,larryview,kh,georgia,35332,13360500430,frusso@hotmail.com,usd,24.37,7.25,336.29,2023-11-18
allen,bowen,pending,2024-12-05,808 wilson spur suite 465,suite 689,longbury,mc,nevada,90810,13893158427,stephencrawford@hotmail.com,usd,9.8,7.25,2781.74,2024-11-10
ellen,cruz,pending,2024-12-09,892 jessica inlet,apt. 959,parkerberg,vc,rhode island,44765,19476609243,justinwilliams@yahoo.com,usd,22.53,7.25,3796.7,2024-04-14
